ISO-10303-21;
HEADER;
/* Generated by software containing ST-Developer
 * from STEP Tools, Inc. (www.steptools.com) 
 */
/* OPTION: strings as raw bytes, not using required /X/ escapes */

FILE_DESCRIPTION(
/* description */ ('Unknown'),
/* implementation_level */ '2;1');

FILE_NAME(
/* name */ '694102303002',
/* time_stamp */ '2025-09-01T17:54:33+02:00',
/* author */ ('Unknown'),
/* organization */ ('Unknown'),
/* preprocessor_version */ 'ST-DEVELOPER v19.4',
/* originating_system */ 'Solid Edge',
/* authorisation */ 'Unknown');

FILE_SCHEMA (('AUTOMOTIVE_DESIGN {1 0 10303 214 3 1 1}'));
ENDSEC;

DATA;
#10=PROPERTY_DEFINITION_REPRESENTATION(#14,#12);
#11=PROPERTY_DEFINITION_REPRESENTATION(#15,#13);
#12=REPRESENTATION('',(#16),#4973);
#13=REPRESENTATION('',(#17),#4973);
#14=PROPERTY_DEFINITION('pmi validation property','',#4990);
#15=PROPERTY_DEFINITION('pmi validation property','',#4990);
#16=VALUE_REPRESENTATION_ITEM('number of annotations',COUNT_MEASURE(0.));
#17=VALUE_REPRESENTATION_ITEM('number of views',COUNT_MEASURE(0.));
#18=TOROIDAL_SURFACE('',#3228,0.3,0.2);
#19=TOROIDAL_SURFACE('',#3230,0.5,0.2);
#20=TOROIDAL_SURFACE('',#3231,0.616227766016838,0.15);
#21=ELLIPSE('',#3167,0.601170732820552,0.6);
#22=ELLIPSE('',#3168,0.601170732820552,0.6);
#23=ELLIPSE('',#3173,0.400780488547035,0.4);
#24=ELLIPSE('',#3174,0.400780488547035,0.4);
#25=ELLIPSE('',#3177,0.500975610683794,0.5);
#26=ELLIPSE('',#3178,0.500975610683794,0.5);
#27=ELLIPSE('',#3181,0.999446343314168,0.9975);
#28=ELLIPSE('',#3182,0.999446343314168,0.9975);
#29=ELLIPSE('',#3187,0.701365854957311,0.7);
#30=ELLIPSE('',#3188,0.701365854957311,0.7);
#31=ELLIPSE('',#3191,0.799056099040651,0.7975);
#32=ELLIPSE('',#3192,0.799056099040651,0.7975);
#33=VERTEX_LOOP('',#1510);
#34=CONICAL_SURFACE('',#3114,0.36,1.04272187836854);
#35=CONTEXT_DEPENDENT_SHAPE_REPRESENTATION(#47,#4992);
#36=CONTEXT_DEPENDENT_SHAPE_REPRESENTATION(#48,#4994);
#37=CONTEXT_DEPENDENT_SHAPE_REPRESENTATION(#49,#4996);
#38=CONTEXT_DEPENDENT_SHAPE_REPRESENTATION(#50,#4998);
#39=CONTEXT_DEPENDENT_SHAPE_REPRESENTATION(#51,#5000);
#40=CONTEXT_DEPENDENT_SHAPE_REPRESENTATION(#52,#5002);
#41=NEXT_ASSEMBLY_USAGE_OCCURRENCE('6941xx303002','6941xx303002',
'6941xx303002',#5003,#5004,'');
#42=NEXT_ASSEMBLY_USAGE_OCCURRENCE('694106301002_PinContact',
'694106301002_PinContact','694106301002_PinContact',#5003,#5005,'');
#43=NEXT_ASSEMBLY_USAGE_OCCURRENCE('6941xx303002_Back',
'6941xx303002_Back','6941xx303002_Back',#5003,#5006,'');
#44=NEXT_ASSEMBLY_USAGE_OCCURRENCE('6941xx303002_PinContact2',
'6941xx303002_PinContact2','6941xx303002_PinContact2',#5003,#5007,'');
#45=NEXT_ASSEMBLY_USAGE_OCCURRENCE('6941xx303002_PinLame',
'6941xx303002_PinLame','6941xx303002_PinLame',#5003,#5008,'');
#46=NEXT_ASSEMBLY_USAGE_OCCURRENCE('6941xx303002_PinBis',
'6941xx303002_PinBis','6941xx303002_PinBis',#5003,#5009,'');
#47=(
REPRESENTATION_RELATIONSHIP(' ',' ',#3011,#3012)
REPRESENTATION_RELATIONSHIP_WITH_TRANSFORMATION(#53)
SHAPE_REPRESENTATION_RELATIONSHIP()
);
#48=(
REPRESENTATION_RELATIONSHIP(' ',' ',#3013,#3012)
REPRESENTATION_RELATIONSHIP_WITH_TRANSFORMATION(#54)
SHAPE_REPRESENTATION_RELATIONSHIP()
);
#49=(
REPRESENTATION_RELATIONSHIP(' ',' ',#3014,#3012)
REPRESENTATION_RELATIONSHIP_WITH_TRANSFORMATION(#55)
SHAPE_REPRESENTATION_RELATIONSHIP()
);
#50=(
REPRESENTATION_RELATIONSHIP(' ',' ',#3015,#3012)
REPRESENTATION_RELATIONSHIP_WITH_TRANSFORMATION(#56)
SHAPE_REPRESENTATION_RELATIONSHIP()
);
#51=(
REPRESENTATION_RELATIONSHIP(' ',' ',#3016,#3012)
REPRESENTATION_RELATIONSHIP_WITH_TRANSFORMATION(#57)
SHAPE_REPRESENTATION_RELATIONSHIP()
);
#52=(
REPRESENTATION_RELATIONSHIP(' ',' ',#3017,#3012)
REPRESENTATION_RELATIONSHIP_WITH_TRANSFORMATION(#58)
SHAPE_REPRESENTATION_RELATIONSHIP()
);
#53=ITEM_DEFINED_TRANSFORMATION(' ',' ',#3018,#3097);
#54=ITEM_DEFINED_TRANSFORMATION(' ',' ',#3018,#3115);
#55=ITEM_DEFINED_TRANSFORMATION(' ',' ',#3018,#3141);
#56=ITEM_DEFINED_TRANSFORMATION(' ',' ',#3018,#3163);
#57=ITEM_DEFINED_TRANSFORMATION(' ',' ',#3018,#3232);
#58=ITEM_DEFINED_TRANSFORMATION(' ',' ',#3018,#3285);
#59=SHAPE_REPRESENTATION_RELATIONSHIP('','',#3011,#65);
#60=SHAPE_REPRESENTATION_RELATIONSHIP('','',#3013,#66);
#61=SHAPE_REPRESENTATION_RELATIONSHIP('','',#3014,#67);
#62=SHAPE_REPRESENTATION_RELATIONSHIP('','',#3015,#68);
#63=SHAPE_REPRESENTATION_RELATIONSHIP('','',#3016,#69);
#64=SHAPE_REPRESENTATION_RELATIONSHIP('','',#3017,#70);
#65=ADVANCED_BREP_SHAPE_REPRESENTATION('',(#2998),#4974);
#66=ADVANCED_BREP_SHAPE_REPRESENTATION('',(#2999),#4975);
#67=ADVANCED_BREP_SHAPE_REPRESENTATION('',(#3000),#4976);
#68=ADVANCED_BREP_SHAPE_REPRESENTATION('',(#3001),#4977);
#69=ADVANCED_BREP_SHAPE_REPRESENTATION('',(#3002),#4978);
#70=ADVANCED_BREP_SHAPE_REPRESENTATION('',(#3003),#4979);
#71=SPHERICAL_SURFACE('',#3071,0.1);
#72=SPHERICAL_SURFACE('',#3082,0.1);
#73=SPHERICAL_SURFACE('',#3084,0.1);
#74=SPHERICAL_SURFACE('',#3090,0.1);
#75=SPHERICAL_SURFACE('',#3111,0.5);
#76=CYLINDRICAL_SURFACE('',#3042,2.5);
#77=CYLINDRICAL_SURFACE('',#3054,2.05);
#78=CYLINDRICAL_SURFACE('',#3055,1.);
#79=CYLINDRICAL_SURFACE('',#3056,0.65);
#80=CYLINDRICAL_SURFACE('',#3069,0.1);
#81=CYLINDRICAL_SURFACE('',#3074,0.1);
#82=CYLINDRICAL_SURFACE('',#3076,0.1);
#83=CYLINDRICAL_SURFACE('',#3078,0.1);
#84=CYLINDRICAL_SURFACE('',#3080,0.1);
#85=CYLINDRICAL_SURFACE('',#3086,0.1);
#86=CYLINDRICAL_SURFACE('',#3088,0.1);
#87=CYLINDRICAL_SURFACE('',#3092,0.1);
#88=CYLINDRICAL_SURFACE('',#3098,0.499999999999998);
#89=CYLINDRICAL_SURFACE('',#3103,0.999999999999999);
#90=CYLINDRICAL_SURFACE('',#3107,0.614999999999999);
#91=CYLINDRICAL_SURFACE('',#3112,0.36);
#92=CYLINDRICAL_SURFACE('',#3123,0.65);
#93=CYLINDRICAL_SURFACE('',#3139,2.43010416666667);
#94=CYLINDRICAL_SURFACE('',#3140,2.43010416666667);
#95=CYLINDRICAL_SURFACE('',#3142,1.5);
#96=CYLINDRICAL_SURFACE('',#3160,0.7);
#97=CYLINDRICAL_SURFACE('',#3161,0.48);
#98=CYLINDRICAL_SURFACE('',#3162,0.48);
#99=CYLINDRICAL_SURFACE('',#3166,0.6);
#100=CYLINDRICAL_SURFACE('',#3172,0.4);
#101=CYLINDRICAL_SURFACE('',#3176,0.5);
#102=CYLINDRICAL_SURFACE('',#3180,0.9975);
#103=CYLINDRICAL_SURFACE('',#3186,0.7);
#104=CYLINDRICAL_SURFACE('',#3190,0.7975);
#105=CYLINDRICAL_SURFACE('',#3220,0.21);
#106=CYLINDRICAL_SURFACE('',#3221,0.01);
#107=CYLINDRICAL_SURFACE('',#3222,0.48);
#108=CYLINDRICAL_SURFACE('',#3223,0.48);
#109=CYLINDRICAL_SURFACE('',#3270,0.41);
#110=CYLINDRICAL_SURFACE('',#3271,0.01);
#111=CYLINDRICAL_SURFACE('',#3275,0.48);
#112=CYLINDRICAL_SURFACE('',#3276,0.48);
#113=CYLINDRICAL_SURFACE('',#3277,0.15);
#114=CYLINDRICAL_SURFACE('',#3278,0.15);
#115=CYLINDRICAL_SURFACE('',#3279,0.15);
#116=CYLINDRICAL_SURFACE('',#3280,0.15);
#117=CYLINDRICAL_SURFACE('',#3281,0.15);
#118=CYLINDRICAL_SURFACE('',#3282,0.15);
#119=CYLINDRICAL_SURFACE('',#3283,0.15);
#120=CYLINDRICAL_SURFACE('',#3284,0.15);
#121=CIRCLE('',#3020,2.05);
#122=CIRCLE('',#3024,0.1);
#123=CIRCLE('',#3026,0.65);
#124=CIRCLE('',#3027,0.1);
#125=CIRCLE('',#3028,2.5);
#126=CIRCLE('',#3029,2.5);
#127=CIRCLE('',#3035,1.);
#128=CIRCLE('',#3036,0.65);
#129=CIRCLE('',#3038,2.05);
#130=CIRCLE('',#3039,1.);
#131=CIRCLE('',#3041,2.05);
#132=CIRCLE('',#3043,2.5);
#133=CIRCLE('',#3044,2.5);
#134=CIRCLE('',#3045,2.5);
#135=CIRCLE('',#3047,0.1);
#136=CIRCLE('',#3049,0.1);
#137=CIRCLE('',#3070,0.1);
#138=CIRCLE('',#3072,0.1);
#139=CIRCLE('',#3073,0.1);
#140=CIRCLE('',#3075,0.1);
#141=CIRCLE('',#3077,0.1);
#142=CIRCLE('',#3079,0.1);
#143=CIRCLE('',#3081,0.1);
#144=CIRCLE('',#3083,0.1);
#145=CIRCLE('',#3085,0.1);
#146=CIRCLE('',#3087,0.1);
#147=CIRCLE('',#3089,0.1);
#148=CIRCLE('',#3091,0.1);
#149=CIRCLE('',#3099,0.499999999999998);
#150=CIRCLE('',#3100,0.499999999999998);
#151=CIRCLE('',#3102,0.999999999999999);
#152=CIRCLE('',#3104,0.999999999999999);
#153=CIRCLE('',#3106,0.614999999999999);
#154=CIRCLE('',#3108,0.614999999999999);
#155=CIRCLE('',#3110,0.36);
#156=CIRCLE('',#3113,0.36);
#157=CIRCLE('',#3118,2.43010416666667);
#158=CIRCLE('',#3119,2.43010416666667);
#159=CIRCLE('',#3120,0.65);
#160=CIRCLE('',#3124,0.65);
#161=CIRCLE('',#3127,2.43010416666667);
#162=CIRCLE('',#3128,2.43010416666667);
#163=CIRCLE('',#3143,1.5);
#164=CIRCLE('',#3144,1.5);
#165=CIRCLE('',#3153,0.7);
#166=CIRCLE('',#3154,0.48);
#167=CIRCLE('',#3155,0.48);
#168=CIRCLE('',#3157,0.7);
#169=CIRCLE('',#3158,0.48);
#170=CIRCLE('',#3159,0.48);
#171=CIRCLE('',#3184,0.5);
#172=CIRCLE('',#3194,0.616227766016838);
#173=CIRCLE('',#3208,0.21);
#174=CIRCLE('',#3209,0.01);
#175=CIRCLE('',#3211,0.01);
#176=CIRCLE('',#3212,0.21);
#177=CIRCLE('',#3214,0.48);
#178=CIRCLE('',#3215,0.48);
#179=CIRCLE('',#3217,0.48);
#180=CIRCLE('',#3218,0.48);
#181=CIRCLE('',#3225,0.3);
#182=CIRCLE('',#3227,0.3);
#183=CIRCLE('',#3229,0.48070158058105);
#184=CIRCLE('',#3235,0.41);
#185=CIRCLE('',#3236,0.01);
#186=CIRCLE('',#3238,0.01);
#187=CIRCLE('',#3239,0.41);
#188=CIRCLE('',#3241,0.15);
#189=CIRCLE('',#3242,0.15);
#190=CIRCLE('',#3243,0.15);
#191=CIRCLE('',#3244,0.15);
#192=CIRCLE('',#3245,0.15);
#193=CIRCLE('',#3246,0.15);
#194=CIRCLE('',#3253,0.15);
#195=CIRCLE('',#3254,0.15);
#196=CIRCLE('',#3255,0.15);
#197=CIRCLE('',#3256,0.15);
#198=CIRCLE('',#3257,0.15);
#199=CIRCLE('',#3258,0.15);
#200=CIRCLE('',#3260,0.15);
#201=CIRCLE('',#3261,0.48);
#202=CIRCLE('',#3262,0.48);
#203=CIRCLE('',#3263,0.15);
#204=CIRCLE('',#3265,0.48);
#205=CIRCLE('',#3266,0.15);
#206=CIRCLE('',#3267,0.15);
#207=CIRCLE('',#3268,0.48);
#208=ORIENTED_EDGE('',*,*,#1016,.T.);
#209=ORIENTED_EDGE('',*,*,#1017,.T.);
#210=ORIENTED_EDGE('',*,*,#1018,.T.);
#211=ORIENTED_EDGE('',*,*,#1019,.T.);
#212=ORIENTED_EDGE('',*,*,#1020,.F.);
#213=ORIENTED_EDGE('',*,*,#1021,.T.);
#214=ORIENTED_EDGE('',*,*,#1022,.F.);
#215=ORIENTED_EDGE('',*,*,#1023,.T.);
#216=ORIENTED_EDGE('',*,*,#1024,.T.);
#217=ORIENTED_EDGE('',*,*,#1025,.F.);
#218=ORIENTED_EDGE('',*,*,#1017,.F.);
#219=ORIENTED_EDGE('',*,*,#1026,.T.);
#220=ORIENTED_EDGE('',*,*,#1027,.T.);
#221=ORIENTED_EDGE('',*,*,#1028,.T.);
#222=ORIENTED_EDGE('',*,*,#1029,.T.);
#223=ORIENTED_EDGE('',*,*,#1030,.F.);
#224=ORIENTED_EDGE('',*,*,#1031,.T.);
#225=ORIENTED_EDGE('',*,*,#1032,.T.);
#226=ORIENTED_EDGE('',*,*,#1033,.T.);
#227=ORIENTED_EDGE('',*,*,#1034,.F.);
#228=ORIENTED_EDGE('',*,*,#1035,.F.);
#229=ORIENTED_EDGE('',*,*,#1036,.T.);
#230=ORIENTED_EDGE('',*,*,#1037,.F.);
#231=ORIENTED_EDGE('',*,*,#1038,.T.);
#232=ORIENTED_EDGE('',*,*,#1039,.F.);
#233=ORIENTED_EDGE('',*,*,#1040,.T.);
#234=ORIENTED_EDGE('',*,*,#1029,.F.);
#235=ORIENTED_EDGE('',*,*,#1041,.F.);
#236=ORIENTED_EDGE('',*,*,#1024,.F.);
#237=ORIENTED_EDGE('',*,*,#1042,.F.);
#238=ORIENTED_EDGE('',*,*,#1043,.T.);
#239=ORIENTED_EDGE('',*,*,#1044,.F.);
#240=ORIENTED_EDGE('',*,*,#1045,.F.);
#241=ORIENTED_EDGE('',*,*,#1046,.T.);
#242=ORIENTED_EDGE('',*,*,#1047,.F.);
#243=ORIENTED_EDGE('',*,*,#1048,.F.);
#244=ORIENTED_EDGE('',*,*,#1049,.T.);
#245=ORIENTED_EDGE('',*,*,#1050,.F.);
#246=ORIENTED_EDGE('',*,*,#1051,.F.);
#247=ORIENTED_EDGE('',*,*,#1052,.T.);
#248=ORIENTED_EDGE('',*,*,#1053,.T.);
#249=ORIENTED_EDGE('',*,*,#1054,.T.);
#250=ORIENTED_EDGE('',*,*,#1055,.F.);
#251=ORIENTED_EDGE('',*,*,#1056,.F.);
#252=ORIENTED_EDGE('',*,*,#1057,.F.);
#253=ORIENTED_EDGE('',*,*,#1033,.F.);
#254=ORIENTED_EDGE('',*,*,#1058,.T.);
#255=ORIENTED_EDGE('',*,*,#1059,.T.);
#256=ORIENTED_EDGE('',*,*,#1060,.T.);
#257=ORIENTED_EDGE('',*,*,#1045,.T.);
#258=ORIENTED_EDGE('',*,*,#1061,.F.);
#259=ORIENTED_EDGE('',*,*,#1062,.T.);
#260=ORIENTED_EDGE('',*,*,#1063,.T.);
#261=ORIENTED_EDGE('',*,*,#1039,.T.);
#262=ORIENTED_EDGE('',*,*,#1064,.T.);
#263=ORIENTED_EDGE('',*,*,#1065,.F.);
#264=ORIENTED_EDGE('',*,*,#1066,.T.);
#265=ORIENTED_EDGE('',*,*,#1067,.T.);
#266=ORIENTED_EDGE('',*,*,#1043,.F.);
#267=ORIENTED_EDGE('',*,*,#1066,.F.);
#268=ORIENTED_EDGE('',*,*,#1068,.T.);
#269=ORIENTED_EDGE('',*,*,#1069,.F.);
#270=ORIENTED_EDGE('',*,*,#1070,.F.);
#271=ORIENTED_EDGE('',*,*,#1071,.T.);
#272=ORIENTED_EDGE('',*,*,#1072,.T.);
#273=ORIENTED_EDGE('',*,*,#1037,.T.);
#274=ORIENTED_EDGE('',*,*,#1067,.F.);
#275=ORIENTED_EDGE('',*,*,#1070,.T.);
#276=ORIENTED_EDGE('',*,*,#1073,.T.);
#277=ORIENTED_EDGE('',*,*,#1051,.T.);
#278=ORIENTED_EDGE('',*,*,#1074,.T.);
#279=ORIENTED_EDGE('',*,*,#1075,.F.);
#280=ORIENTED_EDGE('',*,*,#1076,.T.);
#281=ORIENTED_EDGE('',*,*,#1077,.F.);
#282=ORIENTED_EDGE('',*,*,#1078,.T.);
#283=ORIENTED_EDGE('',*,*,#1079,.F.);
#284=ORIENTED_EDGE('',*,*,#1080,.T.);
#285=ORIENTED_EDGE('',*,*,#1081,.T.);
#286=ORIENTED_EDGE('',*,*,#1082,.T.);
#287=ORIENTED_EDGE('',*,*,#1083,.T.);
#288=ORIENTED_EDGE('',*,*,#1084,.T.);
#289=ORIENTED_EDGE('',*,*,#1085,.T.);
#290=ORIENTED_EDGE('',*,*,#1086,.T.);
#291=ORIENTED_EDGE('',*,*,#1087,.T.);
#292=ORIENTED_EDGE('',*,*,#1088,.T.);
#293=ORIENTED_EDGE('',*,*,#1048,.T.);
#294=ORIENTED_EDGE('',*,*,#1089,.T.);
#295=ORIENTED_EDGE('',*,*,#1090,.F.);
#296=ORIENTED_EDGE('',*,*,#1091,.F.);
#297=ORIENTED_EDGE('',*,*,#1074,.F.);
#298=ORIENTED_EDGE('',*,*,#1050,.T.);
#299=ORIENTED_EDGE('',*,*,#1092,.F.);
#300=ORIENTED_EDGE('',*,*,#1093,.T.);
#301=ORIENTED_EDGE('',*,*,#1094,.T.);
#302=ORIENTED_EDGE('',*,*,#1075,.T.);
#303=ORIENTED_EDGE('',*,*,#1091,.T.);
#304=ORIENTED_EDGE('',*,*,#1095,.T.);
#305=ORIENTED_EDGE('',*,*,#1096,.T.);
#306=ORIENTED_EDGE('',*,*,#1097,.T.);
#307=ORIENTED_EDGE('',*,*,#1090,.T.);
#308=ORIENTED_EDGE('',*,*,#1047,.T.);
#309=ORIENTED_EDGE('',*,*,#1098,.T.);
#310=ORIENTED_EDGE('',*,*,#1099,.T.);
#311=ORIENTED_EDGE('',*,*,#1100,.T.);
#312=ORIENTED_EDGE('',*,*,#1095,.F.);
#313=ORIENTED_EDGE('',*,*,#1089,.F.);
#314=ORIENTED_EDGE('',*,*,#1097,.F.);
#315=ORIENTED_EDGE('',*,*,#1101,.T.);
#316=ORIENTED_EDGE('',*,*,#1102,.T.);
#317=ORIENTED_EDGE('',*,*,#1103,.T.);
#318=ORIENTED_EDGE('',*,*,#1093,.F.);
#319=ORIENTED_EDGE('',*,*,#1049,.F.);
#320=ORIENTED_EDGE('',*,*,#1088,.F.);
#321=ORIENTED_EDGE('',*,*,#1104,.T.);
#322=ORIENTED_EDGE('',*,*,#1092,.T.);
#323=ORIENTED_EDGE('',*,*,#1104,.F.);
#324=ORIENTED_EDGE('',*,*,#1087,.F.);
#325=ORIENTED_EDGE('',*,*,#1105,.F.);
#326=ORIENTED_EDGE('',*,*,#1079,.T.);
#327=ORIENTED_EDGE('',*,*,#1106,.F.);
#328=ORIENTED_EDGE('',*,*,#1020,.T.);
#329=ORIENTED_EDGE('',*,*,#1086,.F.);
#330=ORIENTED_EDGE('',*,*,#1077,.T.);
#331=ORIENTED_EDGE('',*,*,#1081,.F.);
#332=ORIENTED_EDGE('',*,*,#1044,.T.);
#333=ORIENTED_EDGE('',*,*,#1078,.F.);
#334=ORIENTED_EDGE('',*,*,#1107,.F.);
#335=ORIENTED_EDGE('',*,*,#1108,.T.);
#336=ORIENTED_EDGE('',*,*,#1052,.F.);
#337=ORIENTED_EDGE('',*,*,#1073,.F.);
#338=ORIENTED_EDGE('',*,*,#1069,.T.);
#339=ORIENTED_EDGE('',*,*,#1109,.F.);
#340=ORIENTED_EDGE('',*,*,#1021,.F.);
#341=ORIENTED_EDGE('',*,*,#1106,.T.);
#342=ORIENTED_EDGE('',*,*,#1080,.F.);
#343=ORIENTED_EDGE('',*,*,#1105,.T.);
#344=ORIENTED_EDGE('',*,*,#1019,.F.);
#345=ORIENTED_EDGE('',*,*,#1110,.T.);
#346=ORIENTED_EDGE('',*,*,#1053,.F.);
#347=ORIENTED_EDGE('',*,*,#1108,.F.);
#348=ORIENTED_EDGE('',*,*,#1111,.F.);
#349=ORIENTED_EDGE('',*,*,#1112,.T.);
#350=ORIENTED_EDGE('',*,*,#1113,.T.);
#351=ORIENTED_EDGE('',*,*,#1114,.T.);
#352=ORIENTED_EDGE('',*,*,#1115,.F.);
#353=ORIENTED_EDGE('',*,*,#1054,.F.);
#354=ORIENTED_EDGE('',*,*,#1114,.F.);
#355=ORIENTED_EDGE('',*,*,#1116,.T.);
#356=ORIENTED_EDGE('',*,*,#1113,.F.);
#357=ORIENTED_EDGE('',*,*,#1117,.F.);
#358=ORIENTED_EDGE('',*,*,#1118,.T.);
#359=ORIENTED_EDGE('',*,*,#1116,.F.);
#360=ORIENTED_EDGE('',*,*,#1065,.T.);
#361=ORIENTED_EDGE('',*,*,#1042,.T.);
#362=ORIENTED_EDGE('',*,*,#1023,.F.);
#363=ORIENTED_EDGE('',*,*,#1119,.F.);
#364=ORIENTED_EDGE('',*,*,#1026,.F.);
#365=ORIENTED_EDGE('',*,*,#1016,.F.);
#366=ORIENTED_EDGE('',*,*,#1109,.T.);
#367=ORIENTED_EDGE('',*,*,#1068,.F.);
#368=ORIENTED_EDGE('',*,*,#1028,.F.);
#369=ORIENTED_EDGE('',*,*,#1120,.T.);
#370=ORIENTED_EDGE('',*,*,#1025,.T.);
#371=ORIENTED_EDGE('',*,*,#1041,.T.);
#372=ORIENTED_EDGE('',*,*,#1121,.F.);
#373=ORIENTED_EDGE('',*,*,#1122,.T.);
#374=ORIENTED_EDGE('',*,*,#1034,.T.);
#375=ORIENTED_EDGE('',*,*,#1057,.T.);
#376=ORIENTED_EDGE('',*,*,#1123,.F.);
#377=ORIENTED_EDGE('',*,*,#1124,.T.);
#378=ORIENTED_EDGE('',*,*,#1121,.T.);
#379=ORIENTED_EDGE('',*,*,#1056,.T.);
#380=ORIENTED_EDGE('',*,*,#1118,.F.);
#381=ORIENTED_EDGE('',*,*,#1125,.F.);
#382=ORIENTED_EDGE('',*,*,#1126,.F.);
#383=ORIENTED_EDGE('',*,*,#1110,.F.);
#384=ORIENTED_EDGE('',*,*,#1018,.F.);
#385=ORIENTED_EDGE('',*,*,#1036,.F.);
#386=ORIENTED_EDGE('',*,*,#1127,.F.);
#387=ORIENTED_EDGE('',*,*,#1123,.T.);
#388=ORIENTED_EDGE('',*,*,#1055,.T.);
#389=ORIENTED_EDGE('',*,*,#1115,.T.);
#390=ORIENTED_EDGE('',*,*,#1040,.F.);
#391=ORIENTED_EDGE('',*,*,#1063,.F.);
#392=ORIENTED_EDGE('',*,*,#1128,.T.);
#393=ORIENTED_EDGE('',*,*,#1030,.T.);
#394=ORIENTED_EDGE('',*,*,#1058,.F.);
#395=ORIENTED_EDGE('',*,*,#1032,.F.);
#396=ORIENTED_EDGE('',*,*,#1129,.T.);
#397=ORIENTED_EDGE('',*,*,#1061,.T.);
#398=ORIENTED_EDGE('',*,*,#1128,.F.);
#399=ORIENTED_EDGE('',*,*,#1062,.F.);
#400=ORIENTED_EDGE('',*,*,#1129,.F.);
#401=ORIENTED_EDGE('',*,*,#1031,.F.);
#402=ORIENTED_EDGE('',*,*,#1130,.F.);
#403=ORIENTED_EDGE('',*,*,#1076,.F.);
#404=ORIENTED_EDGE('',*,*,#1094,.F.);
#405=ORIENTED_EDGE('',*,*,#1103,.F.);
#406=ORIENTED_EDGE('',*,*,#1131,.F.);
#407=ORIENTED_EDGE('',*,*,#1130,.T.);
#408=ORIENTED_EDGE('',*,*,#1132,.F.);
#409=ORIENTED_EDGE('',*,*,#1096,.F.);
#410=ORIENTED_EDGE('',*,*,#1100,.F.);
#411=ORIENTED_EDGE('',*,*,#1133,.F.);
#412=ORIENTED_EDGE('',*,*,#1101,.F.);
#413=ORIENTED_EDGE('',*,*,#1132,.T.);
#414=ORIENTED_EDGE('',*,*,#1102,.F.);
#415=ORIENTED_EDGE('',*,*,#1134,.F.);
#416=ORIENTED_EDGE('',*,*,#1085,.F.);
#417=ORIENTED_EDGE('',*,*,#1131,.T.);
#418=ORIENTED_EDGE('',*,*,#1084,.F.);
#419=ORIENTED_EDGE('',*,*,#1135,.F.);
#420=ORIENTED_EDGE('',*,*,#1071,.F.);
#421=ORIENTED_EDGE('',*,*,#1038,.F.);
#422=ORIENTED_EDGE('',*,*,#1072,.F.);
#423=ORIENTED_EDGE('',*,*,#1136,.F.);
#424=ORIENTED_EDGE('',*,*,#1064,.F.);
#425=ORIENTED_EDGE('',*,*,#1134,.T.);
#426=ORIENTED_EDGE('',*,*,#1133,.T.);
#427=ORIENTED_EDGE('',*,*,#1137,.F.);
#428=ORIENTED_EDGE('',*,*,#1136,.T.);
#429=ORIENTED_EDGE('',*,*,#1135,.T.);
#430=ORIENTED_EDGE('',*,*,#1138,.F.);
#431=ORIENTED_EDGE('',*,*,#1137,.T.);
#432=ORIENTED_EDGE('',*,*,#1099,.F.);
#433=ORIENTED_EDGE('',*,*,#1139,.F.);
#434=ORIENTED_EDGE('',*,*,#1082,.F.);
#435=ORIENTED_EDGE('',*,*,#1138,.T.);
#436=ORIENTED_EDGE('',*,*,#1083,.F.);
#437=ORIENTED_EDGE('',*,*,#1140,.F.);
#438=ORIENTED_EDGE('',*,*,#1059,.F.);
#439=ORIENTED_EDGE('',*,*,#1140,.T.);
#440=ORIENTED_EDGE('',*,*,#1139,.T.);
#441=ORIENTED_EDGE('',*,*,#1141,.F.);
#442=ORIENTED_EDGE('',*,*,#1141,.T.);
#443=ORIENTED_EDGE('',*,*,#1098,.F.);
#444=ORIENTED_EDGE('',*,*,#1046,.F.);
#445=ORIENTED_EDGE('',*,*,#1060,.F.);
#446=ORIENTED_EDGE('',*,*,#1117,.T.);
#447=ORIENTED_EDGE('',*,*,#1112,.F.);
#448=ORIENTED_EDGE('',*,*,#1142,.F.);
#449=ORIENTED_EDGE('',*,*,#1125,.T.);
#450=ORIENTED_EDGE('',*,*,#1126,.T.);
#451=ORIENTED_EDGE('',*,*,#1142,.T.);
#452=ORIENTED_EDGE('',*,*,#1111,.T.);
#453=ORIENTED_EDGE('',*,*,#1107,.T.);
#454=ORIENTED_EDGE('',*,*,#1122,.F.);
#455=ORIENTED_EDGE('',*,*,#1124,.F.);
#456=ORIENTED_EDGE('',*,*,#1127,.T.);
#457=ORIENTED_EDGE('',*,*,#1035,.T.);
#458=ORIENTED_EDGE('',*,*,#1120,.F.);
#459=ORIENTED_EDGE('',*,*,#1027,.F.);
#460=ORIENTED_EDGE('',*,*,#1119,.T.);
#461=ORIENTED_EDGE('',*,*,#1022,.T.);
#462=ORIENTED_EDGE('',*,*,#1143,.T.);
#463=ORIENTED_EDGE('',*,*,#1144,.T.);
#464=ORIENTED_EDGE('',*,*,#1145,.T.);
#465=ORIENTED_EDGE('',*,*,#1144,.F.);
#466=ORIENTED_EDGE('',*,*,#1146,.T.);
#467=ORIENTED_EDGE('',*,*,#1145,.F.);
#468=ORIENTED_EDGE('',*,*,#1147,.T.);
#469=ORIENTED_EDGE('',*,*,#1146,.F.);
#470=ORIENTED_EDGE('',*,*,#1148,.T.);
#471=ORIENTED_EDGE('',*,*,#1147,.F.);
#472=ORIENTED_EDGE('',*,*,#1149,.T.);
#473=ORIENTED_EDGE('',*,*,#1148,.F.);
#474=ORIENTED_EDGE('',*,*,#1143,.F.);
#475=ORIENTED_EDGE('',*,*,#1150,.T.);
#476=ORIENTED_EDGE('',*,*,#1149,.F.);
#477=ORIENTED_EDGE('',*,*,#1150,.F.);
#478=ORIENTED_EDGE('',*,*,#1151,.T.);
#479=ORIENTED_EDGE('',*,*,#1152,.F.);
#480=ORIENTED_EDGE('',*,*,#1153,.F.);
#481=ORIENTED_EDGE('',*,*,#1154,.F.);
#482=ORIENTED_EDGE('',*,*,#1155,.T.);
#483=ORIENTED_EDGE('',*,*,#1156,.F.);
#484=ORIENTED_EDGE('',*,*,#1157,.F.);
#485=ORIENTED_EDGE('',*,*,#1158,.T.);
#486=ORIENTED_EDGE('',*,*,#1159,.T.);
#487=ORIENTED_EDGE('',*,*,#1160,.T.);
#488=ORIENTED_EDGE('',*,*,#1161,.T.);
#489=ORIENTED_EDGE('',*,*,#1162,.T.);
#490=ORIENTED_EDGE('',*,*,#1163,.T.);
#491=ORIENTED_EDGE('',*,*,#1153,.T.);
#492=ORIENTED_EDGE('',*,*,#1164,.F.);
#493=ORIENTED_EDGE('',*,*,#1165,.T.);
#494=ORIENTED_EDGE('',*,*,#1166,.F.);
#495=ORIENTED_EDGE('',*,*,#1161,.F.);
#496=ORIENTED_EDGE('',*,*,#1167,.F.);
#497=ORIENTED_EDGE('',*,*,#1168,.T.);
#498=ORIENTED_EDGE('',*,*,#1169,.F.);
#499=ORIENTED_EDGE('',*,*,#1170,.T.);
#500=ORIENTED_EDGE('',*,*,#1171,.F.);
#501=ORIENTED_EDGE('',*,*,#1172,.T.);
#502=ORIENTED_EDGE('',*,*,#1173,.T.);
#503=ORIENTED_EDGE('',*,*,#1174,.T.);
#504=ORIENTED_EDGE('',*,*,#1156,.T.);
#505=ORIENTED_EDGE('',*,*,#1175,.T.);
#506=ORIENTED_EDGE('',*,*,#1176,.T.);
#507=ORIENTED_EDGE('',*,*,#1177,.F.);
#508=ORIENTED_EDGE('',*,*,#1165,.F.);
#509=ORIENTED_EDGE('',*,*,#1178,.T.);
#510=ORIENTED_EDGE('',*,*,#1179,.T.);
#511=ORIENTED_EDGE('',*,*,#1180,.F.);
#512=ORIENTED_EDGE('',*,*,#1166,.T.);
#513=ORIENTED_EDGE('',*,*,#1181,.T.);
#514=ORIENTED_EDGE('',*,*,#1182,.T.);
#515=ORIENTED_EDGE('',*,*,#1169,.T.);
#516=ORIENTED_EDGE('',*,*,#1183,.T.);
#517=ORIENTED_EDGE('',*,*,#1184,.T.);
#518=ORIENTED_EDGE('',*,*,#1158,.F.);
#519=ORIENTED_EDGE('',*,*,#1180,.T.);
#520=ORIENTED_EDGE('',*,*,#1182,.F.);
#521=ORIENTED_EDGE('',*,*,#1185,.F.);
#522=ORIENTED_EDGE('',*,*,#1179,.F.);
#523=ORIENTED_EDGE('',*,*,#1186,.F.);
#524=ORIENTED_EDGE('',*,*,#1151,.F.);
#525=ORIENTED_EDGE('',*,*,#1174,.F.);
#526=ORIENTED_EDGE('',*,*,#1187,.T.);
#527=ORIENTED_EDGE('',*,*,#1188,.T.);
#528=ORIENTED_EDGE('',*,*,#1189,.T.);
#529=ORIENTED_EDGE('',*,*,#1170,.F.);
#530=ORIENTED_EDGE('',*,*,#1159,.F.);
#531=ORIENTED_EDGE('',*,*,#1184,.F.);
#532=ORIENTED_EDGE('',*,*,#1190,.T.);
#533=ORIENTED_EDGE('',*,*,#1191,.T.);
#534=ORIENTED_EDGE('',*,*,#1160,.F.);
#535=ORIENTED_EDGE('',*,*,#1191,.F.);
#536=ORIENTED_EDGE('',*,*,#1192,.T.);
#537=ORIENTED_EDGE('',*,*,#1167,.T.);
#538=ORIENTED_EDGE('',*,*,#1183,.F.);
#539=ORIENTED_EDGE('',*,*,#1168,.F.);
#540=ORIENTED_EDGE('',*,*,#1192,.F.);
#541=ORIENTED_EDGE('',*,*,#1190,.F.);
#542=ORIENTED_EDGE('',*,*,#1162,.F.);
#543=ORIENTED_EDGE('',*,*,#1176,.F.);
#544=ORIENTED_EDGE('',*,*,#1193,.T.);
#545=ORIENTED_EDGE('',*,*,#1194,.T.);
#546=ORIENTED_EDGE('',*,*,#1163,.F.);
#547=ORIENTED_EDGE('',*,*,#1194,.F.);
#548=ORIENTED_EDGE('',*,*,#1195,.T.);
#549=ORIENTED_EDGE('',*,*,#1154,.T.);
#550=ORIENTED_EDGE('',*,*,#1193,.F.);
#551=ORIENTED_EDGE('',*,*,#1175,.F.);
#552=ORIENTED_EDGE('',*,*,#1155,.F.);
#553=ORIENTED_EDGE('',*,*,#1195,.F.);
#554=ORIENTED_EDGE('',*,*,#1187,.F.);
#555=ORIENTED_EDGE('',*,*,#1173,.F.);
#556=ORIENTED_EDGE('',*,*,#1196,.T.);
#557=ORIENTED_EDGE('',*,*,#1197,.T.);
#558=ORIENTED_EDGE('',*,*,#1188,.F.);
#559=ORIENTED_EDGE('',*,*,#1197,.F.);
#560=ORIENTED_EDGE('',*,*,#1198,.T.);
#561=ORIENTED_EDGE('',*,*,#1199,.T.);
#562=ORIENTED_EDGE('',*,*,#1189,.F.);
#563=ORIENTED_EDGE('',*,*,#1199,.F.);
#564=ORIENTED_EDGE('',*,*,#1200,.T.);
#565=ORIENTED_EDGE('',*,*,#1171,.T.);
#566=ORIENTED_EDGE('',*,*,#1172,.F.);
#567=ORIENTED_EDGE('',*,*,#1200,.F.);
#568=ORIENTED_EDGE('',*,*,#1198,.F.);
#569=ORIENTED_EDGE('',*,*,#1196,.F.);
#570=ORIENTED_EDGE('',*,*,#1164,.T.);
#571=ORIENTED_EDGE('',*,*,#1152,.T.);
#572=ORIENTED_EDGE('',*,*,#1186,.T.);
#573=ORIENTED_EDGE('',*,*,#1178,.F.);
#574=ORIENTED_EDGE('',*,*,#1157,.T.);
#575=ORIENTED_EDGE('',*,*,#1177,.T.);
#576=ORIENTED_EDGE('',*,*,#1185,.T.);
#577=ORIENTED_EDGE('',*,*,#1181,.F.);
#578=ORIENTED_EDGE('',*,*,#1201,.T.);
#579=ORIENTED_EDGE('',*,*,#1202,.F.);
#580=ORIENTED_EDGE('',*,*,#1203,.F.);
#581=ORIENTED_EDGE('',*,*,#1204,.T.);
#582=ORIENTED_EDGE('',*,*,#1205,.T.);
#583=ORIENTED_EDGE('',*,*,#1206,.F.);
#584=ORIENTED_EDGE('',*,*,#1207,.F.);
#585=ORIENTED_EDGE('',*,*,#1202,.T.);
#586=ORIENTED_EDGE('',*,*,#1208,.T.);
#587=ORIENTED_EDGE('',*,*,#1209,.F.);
#588=ORIENTED_EDGE('',*,*,#1210,.F.);
#589=ORIENTED_EDGE('',*,*,#1206,.T.);
#590=ORIENTED_EDGE('',*,*,#1211,.T.);
#591=ORIENTED_EDGE('',*,*,#1212,.T.);
#592=ORIENTED_EDGE('',*,*,#1213,.F.);
#593=ORIENTED_EDGE('',*,*,#1209,.T.);
#594=ORIENTED_EDGE('',*,*,#1214,.F.);
#595=ORIENTED_EDGE('',*,*,#1215,.T.);
#596=ORIENTED_EDGE('',*,*,#1216,.T.);
#597=ORIENTED_EDGE('',*,*,#1217,.T.);
#598=ORIENTED_EDGE('',*,*,#1218,.F.);
#599=ORIENTED_EDGE('',*,*,#1219,.T.);
#600=ORIENTED_EDGE('',*,*,#1220,.T.);
#601=ORIENTED_EDGE('',*,*,#1221,.F.);
#602=ORIENTED_EDGE('',*,*,#1222,.T.);
#603=ORIENTED_EDGE('',*,*,#1223,.F.);
#604=ORIENTED_EDGE('',*,*,#1224,.F.);
#605=ORIENTED_EDGE('',*,*,#1221,.T.);
#606=ORIENTED_EDGE('',*,*,#1225,.T.);
#607=ORIENTED_EDGE('',*,*,#1204,.F.);
#608=ORIENTED_EDGE('',*,*,#1226,.F.);
#609=ORIENTED_EDGE('',*,*,#1223,.T.);
#610=ORIENTED_EDGE('',*,*,#1227,.F.);
#611=ORIENTED_EDGE('',*,*,#1213,.T.);
#612=ORIENTED_EDGE('',*,*,#1228,.T.);
#613=ORIENTED_EDGE('',*,*,#1214,.T.);
#614=ORIENTED_EDGE('',*,*,#1229,.T.);
#615=ORIENTED_EDGE('',*,*,#1218,.T.);
#616=ORIENTED_EDGE('',*,*,#1224,.T.);
#617=ORIENTED_EDGE('',*,*,#1226,.T.);
#618=ORIENTED_EDGE('',*,*,#1203,.T.);
#619=ORIENTED_EDGE('',*,*,#1207,.T.);
#620=ORIENTED_EDGE('',*,*,#1210,.T.);
#621=ORIENTED_EDGE('',*,*,#1230,.F.);
#622=ORIENTED_EDGE('',*,*,#1216,.F.);
#623=ORIENTED_EDGE('',*,*,#1231,.T.);
#624=ORIENTED_EDGE('',*,*,#1211,.F.);
#625=ORIENTED_EDGE('',*,*,#1208,.F.);
#626=ORIENTED_EDGE('',*,*,#1205,.F.);
#627=ORIENTED_EDGE('',*,*,#1201,.F.);
#628=ORIENTED_EDGE('',*,*,#1225,.F.);
#629=ORIENTED_EDGE('',*,*,#1222,.F.);
#630=ORIENTED_EDGE('',*,*,#1220,.F.);
#631=ORIENTED_EDGE('',*,*,#1232,.T.);
#632=ORIENTED_EDGE('',*,*,#1230,.T.);
#633=ORIENTED_EDGE('',*,*,#1227,.T.);
#634=ORIENTED_EDGE('',*,*,#1228,.F.);
#635=ORIENTED_EDGE('',*,*,#1212,.F.);
#636=ORIENTED_EDGE('',*,*,#1231,.F.);
#637=ORIENTED_EDGE('',*,*,#1215,.F.);
#638=ORIENTED_EDGE('',*,*,#1229,.F.);
#639=ORIENTED_EDGE('',*,*,#1217,.F.);
#640=ORIENTED_EDGE('',*,*,#1232,.F.);
#641=ORIENTED_EDGE('',*,*,#1219,.F.);
#642=ORIENTED_EDGE('',*,*,#1233,.T.);
#643=ORIENTED_EDGE('',*,*,#1234,.T.);
#644=ORIENTED_EDGE('',*,*,#1235,.F.);
#645=ORIENTED_EDGE('',*,*,#1236,.T.);
#646=ORIENTED_EDGE('',*,*,#1237,.F.);
#647=ORIENTED_EDGE('',*,*,#1238,.T.);
#648=ORIENTED_EDGE('',*,*,#1239,.T.);
#649=ORIENTED_EDGE('',*,*,#1240,.F.);
#650=ORIENTED_EDGE('',*,*,#1241,.F.);
#651=ORIENTED_EDGE('',*,*,#1242,.T.);
#652=ORIENTED_EDGE('',*,*,#1243,.F.);
#653=ORIENTED_EDGE('',*,*,#1244,.F.);
#654=ORIENTED_EDGE('',*,*,#1238,.F.);
#655=ORIENTED_EDGE('',*,*,#1245,.T.);
#656=ORIENTED_EDGE('',*,*,#1235,.T.);
#657=ORIENTED_EDGE('',*,*,#1246,.F.);
#658=ORIENTED_EDGE('',*,*,#1247,.T.);
#659=ORIENTED_EDGE('',*,*,#1248,.T.);
#660=ORIENTED_EDGE('',*,*,#1249,.T.);
#661=ORIENTED_EDGE('',*,*,#1250,.T.);
#662=ORIENTED_EDGE('',*,*,#1251,.F.);
#663=ORIENTED_EDGE('',*,*,#1252,.F.);
#664=ORIENTED_EDGE('',*,*,#1253,.F.);
#665=ORIENTED_EDGE('',*,*,#1254,.T.);
#666=ORIENTED_EDGE('',*,*,#1255,.T.);
#667=ORIENTED_EDGE('',*,*,#1256,.T.);
#668=ORIENTED_EDGE('',*,*,#1257,.F.);
#669=ORIENTED_EDGE('',*,*,#1258,.F.);
#670=ORIENTED_EDGE('',*,*,#1259,.F.);
#671=ORIENTED_EDGE('',*,*,#1240,.T.);
#672=ORIENTED_EDGE('',*,*,#1260,.T.);
#673=ORIENTED_EDGE('',*,*,#1261,.T.);
#674=ORIENTED_EDGE('',*,*,#1262,.T.);
#675=ORIENTED_EDGE('',*,*,#1242,.F.);
#676=ORIENTED_EDGE('',*,*,#1263,.T.);
#677=ORIENTED_EDGE('',*,*,#1264,.T.);
#678=ORIENTED_EDGE('',*,*,#1265,.T.);
#679=ORIENTED_EDGE('',*,*,#1266,.T.);
#680=ORIENTED_EDGE('',*,*,#1267,.F.);
#681=ORIENTED_EDGE('',*,*,#1268,.F.);
#682=ORIENTED_EDGE('',*,*,#1269,.F.);
#683=ORIENTED_EDGE('',*,*,#1270,.T.);
#684=ORIENTED_EDGE('',*,*,#1271,.T.);
#685=ORIENTED_EDGE('',*,*,#1233,.F.);
#686=ORIENTED_EDGE('',*,*,#1272,.F.);
#687=ORIENTED_EDGE('',*,*,#1273,.T.);
#688=ORIENTED_EDGE('',*,*,#1274,.T.);
#689=ORIENTED_EDGE('',*,*,#1275,.T.);
#690=ORIENTED_EDGE('',*,*,#1255,.F.);
#691=ORIENTED_EDGE('',*,*,#1276,.T.);
#692=ORIENTED_EDGE('',*,*,#1277,.T.);
#693=ORIENTED_EDGE('',*,*,#1278,.T.);
#694=ORIENTED_EDGE('',*,*,#1277,.F.);
#695=ORIENTED_EDGE('',*,*,#1279,.T.);
#696=ORIENTED_EDGE('',*,*,#1280,.T.);
#697=ORIENTED_EDGE('',*,*,#1281,.T.);
#698=ORIENTED_EDGE('',*,*,#1280,.F.);
#699=ORIENTED_EDGE('',*,*,#1282,.T.);
#700=ORIENTED_EDGE('',*,*,#1283,.T.);
#701=ORIENTED_EDGE('',*,*,#1284,.T.);
#702=ORIENTED_EDGE('',*,*,#1283,.F.);
#703=ORIENTED_EDGE('',*,*,#1285,.T.);
#704=ORIENTED_EDGE('',*,*,#1286,.T.);
#705=ORIENTED_EDGE('',*,*,#1287,.T.);
#706=ORIENTED_EDGE('',*,*,#1288,.T.);
#707=ORIENTED_EDGE('',*,*,#1289,.T.);
#708=ORIENTED_EDGE('',*,*,#1290,.T.);
#709=ORIENTED_EDGE('',*,*,#1286,.F.);
#710=ORIENTED_EDGE('',*,*,#1291,.T.);
#711=ORIENTED_EDGE('',*,*,#1289,.F.);
#712=ORIENTED_EDGE('',*,*,#1292,.T.);
#713=ORIENTED_EDGE('',*,*,#1272,.T.);
#714=ORIENTED_EDGE('',*,*,#1293,.T.);
#715=ORIENTED_EDGE('',*,*,#1294,.F.);
#716=ORIENTED_EDGE('',*,*,#1244,.T.);
#717=ORIENTED_EDGE('',*,*,#1295,.F.);
#718=ORIENTED_EDGE('',*,*,#1296,.F.);
#719=ORIENTED_EDGE('',*,*,#1297,.F.);
#720=ORIENTED_EDGE('',*,*,#1296,.T.);
#721=ORIENTED_EDGE('',*,*,#1298,.F.);
#722=ORIENTED_EDGE('',*,*,#1299,.F.);
#723=ORIENTED_EDGE('',*,*,#1300,.F.);
#724=ORIENTED_EDGE('',*,*,#1299,.T.);
#725=ORIENTED_EDGE('',*,*,#1301,.F.);
#726=ORIENTED_EDGE('',*,*,#1302,.F.);
#727=ORIENTED_EDGE('',*,*,#1302,.T.);
#728=ORIENTED_EDGE('',*,*,#1303,.F.);
#729=ORIENTED_EDGE('',*,*,#1304,.F.);
#730=ORIENTED_EDGE('',*,*,#1305,.F.);
#731=ORIENTED_EDGE('',*,*,#1306,.T.);
#732=ORIENTED_EDGE('',*,*,#1307,.F.);
#733=ORIENTED_EDGE('',*,*,#1304,.T.);
#734=ORIENTED_EDGE('',*,*,#1308,.F.);
#735=ORIENTED_EDGE('',*,*,#1274,.F.);
#736=ORIENTED_EDGE('',*,*,#1309,.T.);
#737=ORIENTED_EDGE('',*,*,#1253,.T.);
#738=ORIENTED_EDGE('',*,*,#1310,.T.);
#739=ORIENTED_EDGE('',*,*,#1264,.F.);
#740=ORIENTED_EDGE('',*,*,#1260,.F.);
#741=ORIENTED_EDGE('',*,*,#1239,.F.);
#742=ORIENTED_EDGE('',*,*,#1258,.T.);
#743=ORIENTED_EDGE('',*,*,#1311,.T.);
#744=ORIENTED_EDGE('',*,*,#1312,.F.);
#745=ORIENTED_EDGE('',*,*,#1261,.F.);
#746=ORIENTED_EDGE('',*,*,#1311,.F.);
#747=ORIENTED_EDGE('',*,*,#1257,.T.);
#748=ORIENTED_EDGE('',*,*,#1265,.F.);
#749=ORIENTED_EDGE('',*,*,#1310,.F.);
#750=ORIENTED_EDGE('',*,*,#1252,.T.);
#751=ORIENTED_EDGE('',*,*,#1313,.T.);
#752=ORIENTED_EDGE('',*,*,#1314,.T.);
#753=ORIENTED_EDGE('',*,*,#1266,.F.);
#754=ORIENTED_EDGE('',*,*,#1313,.F.);
#755=ORIENTED_EDGE('',*,*,#1251,.T.);
#756=ORIENTED_EDGE('',*,*,#1305,.T.);
#757=ORIENTED_EDGE('',*,*,#1307,.T.);
#758=ORIENTED_EDGE('',*,*,#1273,.F.);
#759=ORIENTED_EDGE('',*,*,#1292,.F.);
#760=ORIENTED_EDGE('',*,*,#1288,.F.);
#761=ORIENTED_EDGE('',*,*,#1285,.F.);
#762=ORIENTED_EDGE('',*,*,#1282,.F.);
#763=ORIENTED_EDGE('',*,*,#1279,.F.);
#764=ORIENTED_EDGE('',*,*,#1276,.F.);
#765=ORIENTED_EDGE('',*,*,#1315,.F.);
#766=ORIENTED_EDGE('',*,*,#1241,.T.);
#767=ORIENTED_EDGE('',*,*,#1294,.T.);
#768=ORIENTED_EDGE('',*,*,#1297,.T.);
#769=ORIENTED_EDGE('',*,*,#1300,.T.);
#770=ORIENTED_EDGE('',*,*,#1287,.F.);
#771=ORIENTED_EDGE('',*,*,#1290,.F.);
#772=ORIENTED_EDGE('',*,*,#1293,.F.);
#773=ORIENTED_EDGE('',*,*,#1275,.F.);
#774=ORIENTED_EDGE('',*,*,#1308,.T.);
#775=ORIENTED_EDGE('',*,*,#1303,.T.);
#776=ORIENTED_EDGE('',*,*,#1301,.T.);
#777=ORIENTED_EDGE('',*,*,#1298,.T.);
#778=ORIENTED_EDGE('',*,*,#1295,.T.);
#779=ORIENTED_EDGE('',*,*,#1243,.T.);
#780=ORIENTED_EDGE('',*,*,#1316,.T.);
#781=ORIENTED_EDGE('',*,*,#1278,.F.);
#782=ORIENTED_EDGE('',*,*,#1281,.F.);
#783=ORIENTED_EDGE('',*,*,#1284,.F.);
#784=ORIENTED_EDGE('',*,*,#1312,.T.);
#785=ORIENTED_EDGE('',*,*,#1256,.F.);
#786=ORIENTED_EDGE('',*,*,#1316,.F.);
#787=ORIENTED_EDGE('',*,*,#1262,.F.);
#788=ORIENTED_EDGE('',*,*,#1315,.T.);
#789=ORIENTED_EDGE('',*,*,#1254,.F.);
#790=ORIENTED_EDGE('',*,*,#1309,.F.);
#791=ORIENTED_EDGE('',*,*,#1263,.F.);
#792=ORIENTED_EDGE('',*,*,#1237,.T.);
#793=ORIENTED_EDGE('',*,*,#1259,.T.);
#794=ORIENTED_EDGE('',*,*,#1236,.F.);
#795=ORIENTED_EDGE('',*,*,#1245,.F.);
#796=ORIENTED_EDGE('',*,*,#1249,.F.);
#797=ORIENTED_EDGE('',*,*,#1317,.T.);
#798=ORIENTED_EDGE('',*,*,#1268,.T.);
#799=ORIENTED_EDGE('',*,*,#1318,.F.);
#800=ORIENTED_EDGE('',*,*,#1318,.T.);
#801=ORIENTED_EDGE('',*,*,#1267,.T.);
#802=ORIENTED_EDGE('',*,*,#1314,.F.);
#803=ORIENTED_EDGE('',*,*,#1250,.F.);
#804=ORIENTED_EDGE('',*,*,#1319,.T.);
#805=ORIENTED_EDGE('',*,*,#1320,.T.);
#806=ORIENTED_EDGE('',*,*,#1321,.F.);
#807=ORIENTED_EDGE('',*,*,#1322,.T.);
#808=ORIENTED_EDGE('',*,*,#1246,.T.);
#809=ORIENTED_EDGE('',*,*,#1234,.F.);
#810=ORIENTED_EDGE('',*,*,#1271,.F.);
#811=ORIENTED_EDGE('',*,*,#1323,.F.);
#812=ORIENTED_EDGE('',*,*,#1324,.F.);
#813=ORIENTED_EDGE('',*,*,#1325,.T.);
#814=ORIENTED_EDGE('',*,*,#1326,.T.);
#815=ORIENTED_EDGE('',*,*,#1327,.F.);
#816=ORIENTED_EDGE('',*,*,#1269,.T.);
#817=ORIENTED_EDGE('',*,*,#1317,.F.);
#818=ORIENTED_EDGE('',*,*,#1248,.F.);
#819=ORIENTED_EDGE('',*,*,#1328,.T.);
#820=ORIENTED_EDGE('',*,*,#1321,.T.);
#821=ORIENTED_EDGE('',*,*,#1329,.T.);
#822=ORIENTED_EDGE('',*,*,#1330,.T.);
#823=ORIENTED_EDGE('',*,*,#1331,.T.);
#824=ORIENTED_EDGE('',*,*,#1324,.T.);
#825=ORIENTED_EDGE('',*,*,#1332,.T.);
#826=ORIENTED_EDGE('',*,*,#1333,.F.);
#827=ORIENTED_EDGE('',*,*,#1334,.T.);
#828=ORIENTED_EDGE('',*,*,#1319,.F.);
#829=ORIENTED_EDGE('',*,*,#1335,.F.);
#830=ORIENTED_EDGE('',*,*,#1326,.F.);
#831=ORIENTED_EDGE('',*,*,#1336,.T.);
#832=ORIENTED_EDGE('',*,*,#1330,.F.);
#833=ORIENTED_EDGE('',*,*,#1337,.T.);
#834=ORIENTED_EDGE('',*,*,#1333,.T.);
#835=ORIENTED_EDGE('',*,*,#1338,.T.);
#836=ORIENTED_EDGE('',*,*,#1322,.F.);
#837=ORIENTED_EDGE('',*,*,#1332,.F.);
#838=ORIENTED_EDGE('',*,*,#1328,.F.);
#839=ORIENTED_EDGE('',*,*,#1247,.F.);
#840=ORIENTED_EDGE('',*,*,#1323,.T.);
#841=ORIENTED_EDGE('',*,*,#1270,.F.);
#842=ORIENTED_EDGE('',*,*,#1327,.T.);
#843=ORIENTED_EDGE('',*,*,#1335,.T.);
#844=ORIENTED_EDGE('',*,*,#1329,.F.);
#845=ORIENTED_EDGE('',*,*,#1320,.F.);
#846=ORIENTED_EDGE('',*,*,#1334,.F.);
#847=ORIENTED_EDGE('',*,*,#1337,.F.);
#848=ORIENTED_EDGE('',*,*,#1331,.F.);
#849=ORIENTED_EDGE('',*,*,#1338,.F.);
#850=ORIENTED_EDGE('',*,*,#1336,.F.);
#851=ORIENTED_EDGE('',*,*,#1325,.F.);
#852=ORIENTED_EDGE('',*,*,#1339,.F.);
#853=ORIENTED_EDGE('',*,*,#1340,.T.);
#854=ORIENTED_EDGE('',*,*,#1341,.T.);
#855=ORIENTED_EDGE('',*,*,#1340,.F.);
#856=ORIENTED_EDGE('',*,*,#1339,.T.);
#857=ORIENTED_EDGE('',*,*,#1291,.F.);
#858=ORIENTED_EDGE('',*,*,#1306,.F.);
#859=ORIENTED_EDGE('',*,*,#1341,.F.);
#860=ORIENTED_EDGE('',*,*,#1342,.F.);
#861=ORIENTED_EDGE('',*,*,#1343,.T.);
#862=ORIENTED_EDGE('',*,*,#1344,.T.);
#863=ORIENTED_EDGE('',*,*,#1345,.F.);
#864=ORIENTED_EDGE('',*,*,#1346,.F.);
#865=ORIENTED_EDGE('',*,*,#1347,.T.);
#866=ORIENTED_EDGE('',*,*,#1348,.T.);
#867=ORIENTED_EDGE('',*,*,#1349,.T.);
#868=ORIENTED_EDGE('',*,*,#1350,.F.);
#869=ORIENTED_EDGE('',*,*,#1345,.T.);
#870=ORIENTED_EDGE('',*,*,#1351,.T.);
#871=ORIENTED_EDGE('',*,*,#1352,.F.);
#872=ORIENTED_EDGE('',*,*,#1353,.T.);
#873=ORIENTED_EDGE('',*,*,#1354,.T.);
#874=ORIENTED_EDGE('',*,*,#1355,.F.);
#875=ORIENTED_EDGE('',*,*,#1356,.F.);
#876=ORIENTED_EDGE('',*,*,#1357,.T.);
#877=ORIENTED_EDGE('',*,*,#1358,.F.);
#878=ORIENTED_EDGE('',*,*,#1359,.F.);
#879=ORIENTED_EDGE('',*,*,#1360,.T.);
#880=ORIENTED_EDGE('',*,*,#1361,.F.);
#881=ORIENTED_EDGE('',*,*,#1362,.T.);
#882=ORIENTED_EDGE('',*,*,#1363,.F.);
#883=ORIENTED_EDGE('',*,*,#1364,.T.);
#884=ORIENTED_EDGE('',*,*,#1365,.F.);
#885=ORIENTED_EDGE('',*,*,#1366,.T.);
#886=ORIENTED_EDGE('',*,*,#1353,.F.);
#887=ORIENTED_EDGE('',*,*,#1367,.T.);
#888=ORIENTED_EDGE('',*,*,#1348,.F.);
#889=ORIENTED_EDGE('',*,*,#1368,.T.);
#890=ORIENTED_EDGE('',*,*,#1369,.F.);
#891=ORIENTED_EDGE('',*,*,#1370,.T.);
#892=ORIENTED_EDGE('',*,*,#1371,.F.);
#893=ORIENTED_EDGE('',*,*,#1372,.T.);
#894=ORIENTED_EDGE('',*,*,#1369,.T.);
#895=ORIENTED_EDGE('',*,*,#1373,.T.);
#896=ORIENTED_EDGE('',*,*,#1374,.F.);
#897=ORIENTED_EDGE('',*,*,#1375,.T.);
#898=ORIENTED_EDGE('',*,*,#1365,.T.);
#899=ORIENTED_EDGE('',*,*,#1376,.T.);
#900=ORIENTED_EDGE('',*,*,#1377,.F.);
#901=ORIENTED_EDGE('',*,*,#1378,.T.);
#902=ORIENTED_EDGE('',*,*,#1363,.T.);
#903=ORIENTED_EDGE('',*,*,#1379,.T.);
#904=ORIENTED_EDGE('',*,*,#1380,.F.);
#905=ORIENTED_EDGE('',*,*,#1381,.T.);
#906=ORIENTED_EDGE('',*,*,#1361,.T.);
#907=ORIENTED_EDGE('',*,*,#1382,.T.);
#908=ORIENTED_EDGE('',*,*,#1383,.F.);
#909=ORIENTED_EDGE('',*,*,#1384,.T.);
#910=ORIENTED_EDGE('',*,*,#1385,.F.);
#911=ORIENTED_EDGE('',*,*,#1386,.T.);
#912=ORIENTED_EDGE('',*,*,#1371,.T.);
#913=ORIENTED_EDGE('',*,*,#1387,.T.);
#914=ORIENTED_EDGE('',*,*,#1380,.T.);
#915=ORIENTED_EDGE('',*,*,#1388,.T.);
#916=ORIENTED_EDGE('',*,*,#1383,.T.);
#917=ORIENTED_EDGE('',*,*,#1389,.T.);
#918=ORIENTED_EDGE('',*,*,#1385,.T.);
#919=ORIENTED_EDGE('',*,*,#1390,.T.);
#920=ORIENTED_EDGE('',*,*,#1374,.T.);
#921=ORIENTED_EDGE('',*,*,#1391,.T.);
#922=ORIENTED_EDGE('',*,*,#1346,.T.);
#923=ORIENTED_EDGE('',*,*,#1392,.F.);
#924=ORIENTED_EDGE('',*,*,#1355,.T.);
#925=ORIENTED_EDGE('',*,*,#1393,.T.);
#926=ORIENTED_EDGE('',*,*,#1377,.T.);
#927=ORIENTED_EDGE('',*,*,#1394,.T.);
#928=ORIENTED_EDGE('',*,*,#1395,.T.);
#929=ORIENTED_EDGE('',*,*,#1396,.T.);
#930=ORIENTED_EDGE('',*,*,#1397,.T.);
#931=ORIENTED_EDGE('',*,*,#1398,.T.);
#932=ORIENTED_EDGE('',*,*,#1399,.T.);
#933=ORIENTED_EDGE('',*,*,#1400,.T.);
#934=ORIENTED_EDGE('',*,*,#1401,.T.);
#935=ORIENTED_EDGE('',*,*,#1402,.T.);
#936=ORIENTED_EDGE('',*,*,#1342,.T.);
#937=ORIENTED_EDGE('',*,*,#1350,.T.);
#938=ORIENTED_EDGE('',*,*,#1403,.T.);
#939=ORIENTED_EDGE('',*,*,#1359,.T.);
#940=ORIENTED_EDGE('',*,*,#1404,.F.);
#941=ORIENTED_EDGE('',*,*,#1405,.T.);
#942=ORIENTED_EDGE('',*,*,#1406,.F.);
#943=ORIENTED_EDGE('',*,*,#1407,.T.);
#944=ORIENTED_EDGE('',*,*,#1408,.F.);
#945=ORIENTED_EDGE('',*,*,#1357,.F.);
#946=ORIENTED_EDGE('',*,*,#1409,.F.);
#947=ORIENTED_EDGE('',*,*,#1351,.F.);
#948=ORIENTED_EDGE('',*,*,#1344,.F.);
#949=ORIENTED_EDGE('',*,*,#1410,.T.);
#950=ORIENTED_EDGE('',*,*,#1411,.F.);
#951=ORIENTED_EDGE('',*,*,#1412,.T.);
#952=ORIENTED_EDGE('',*,*,#1408,.T.);
#953=ORIENTED_EDGE('',*,*,#1413,.T.);
#954=ORIENTED_EDGE('',*,*,#1395,.F.);
#955=ORIENTED_EDGE('',*,*,#1358,.T.);
#956=ORIENTED_EDGE('',*,*,#1367,.F.);
#957=ORIENTED_EDGE('',*,*,#1360,.F.);
#958=ORIENTED_EDGE('',*,*,#1403,.F.);
#959=ORIENTED_EDGE('',*,*,#1349,.F.);
#960=ORIENTED_EDGE('',*,*,#1392,.T.);
#961=ORIENTED_EDGE('',*,*,#1352,.T.);
#962=ORIENTED_EDGE('',*,*,#1409,.T.);
#963=ORIENTED_EDGE('',*,*,#1356,.T.);
#964=ORIENTED_EDGE('',*,*,#1397,.F.);
#965=ORIENTED_EDGE('',*,*,#1414,.T.);
#966=ORIENTED_EDGE('',*,*,#1406,.T.);
#967=ORIENTED_EDGE('',*,*,#1415,.T.);
#968=ORIENTED_EDGE('',*,*,#1399,.F.);
#969=ORIENTED_EDGE('',*,*,#1416,.T.);
#970=ORIENTED_EDGE('',*,*,#1404,.T.);
#971=ORIENTED_EDGE('',*,*,#1417,.T.);
#972=ORIENTED_EDGE('',*,*,#1411,.T.);
#973=ORIENTED_EDGE('',*,*,#1418,.T.);
#974=ORIENTED_EDGE('',*,*,#1401,.F.);
#975=ORIENTED_EDGE('',*,*,#1419,.T.);
#976=ORIENTED_EDGE('',*,*,#1405,.F.);
#977=ORIENTED_EDGE('',*,*,#1416,.F.);
#978=ORIENTED_EDGE('',*,*,#1398,.F.);
#979=ORIENTED_EDGE('',*,*,#1415,.F.);
#980=ORIENTED_EDGE('',*,*,#1412,.F.);
#981=ORIENTED_EDGE('',*,*,#1419,.F.);
#982=ORIENTED_EDGE('',*,*,#1400,.F.);
#983=ORIENTED_EDGE('',*,*,#1417,.F.);
#984=ORIENTED_EDGE('',*,*,#1370,.F.);
#985=ORIENTED_EDGE('',*,*,#1375,.F.);
#986=ORIENTED_EDGE('',*,*,#1390,.F.);
#987=ORIENTED_EDGE('',*,*,#1387,.F.);
#988=ORIENTED_EDGE('',*,*,#1368,.F.);
#989=ORIENTED_EDGE('',*,*,#1347,.F.);
#990=ORIENTED_EDGE('',*,*,#1391,.F.);
#991=ORIENTED_EDGE('',*,*,#1373,.F.);
#992=ORIENTED_EDGE('',*,*,#1410,.F.);
#993=ORIENTED_EDGE('',*,*,#1343,.F.);
#994=ORIENTED_EDGE('',*,*,#1402,.F.);
#995=ORIENTED_EDGE('',*,*,#1418,.F.);
#996=ORIENTED_EDGE('',*,*,#1407,.F.);
#997=ORIENTED_EDGE('',*,*,#1414,.F.);
#998=ORIENTED_EDGE('',*,*,#1396,.F.);
#999=ORIENTED_EDGE('',*,*,#1413,.F.);
#1000=ORIENTED_EDGE('',*,*,#1366,.F.);
#1001=ORIENTED_EDGE('',*,*,#1378,.F.);
#1002=ORIENTED_EDGE('',*,*,#1393,.F.);
#1003=ORIENTED_EDGE('',*,*,#1354,.F.);
#1004=ORIENTED_EDGE('',*,*,#1364,.F.);
#1005=ORIENTED_EDGE('',*,*,#1381,.F.);
#1006=ORIENTED_EDGE('',*,*,#1394,.F.);
#1007=ORIENTED_EDGE('',*,*,#1376,.F.);
#1008=ORIENTED_EDGE('',*,*,#1362,.F.);
#1009=ORIENTED_EDGE('',*,*,#1384,.F.);
#1010=ORIENTED_EDGE('',*,*,#1388,.F.);
#1011=ORIENTED_EDGE('',*,*,#1379,.F.);
#1012=ORIENTED_EDGE('',*,*,#1372,.F.);
#1013=ORIENTED_EDGE('',*,*,#1386,.F.);
#1014=ORIENTED_EDGE('',*,*,#1389,.F.);
#1015=ORIENTED_EDGE('',*,*,#1382,.F.);
#1016=EDGE_CURVE('',#1420,#1421,#1692,.T.);
#1017=EDGE_CURVE('',#1421,#1422,#1693,.T.);
#1018=EDGE_CURVE('',#1422,#1423,#1694,.T.);
#1019=EDGE_CURVE('',#1423,#1424,#1695,.T.);
#1020=EDGE_CURVE('',#1425,#1424,#121,.T.);
#1021=EDGE_CURVE('',#1425,#1420,#1696,.T.);
#1022=EDGE_CURVE('',#1426,#1427,#1697,.T.);
#1023=EDGE_CURVE('',#1426,#1428,#1698,.T.);
#1024=EDGE_CURVE('',#1428,#1429,#1699,.T.);
#1025=EDGE_CURVE('',#1427,#1429,#1700,.T.);
#1026=EDGE_CURVE('',#1421,#1430,#1701,.T.);
#1027=EDGE_CURVE('',#1430,#1431,#1702,.T.);
#1028=EDGE_CURVE('',#1431,#1432,#1703,.T.);
#1029=EDGE_CURVE('',#1432,#1433,#1704,.T.);
#1030=EDGE_CURVE('',#1434,#1433,#1705,.T.);
#1031=EDGE_CURVE('',#1434,#1435,#1706,.T.);
#1032=EDGE_CURVE('',#1435,#1436,#1707,.T.);
#1033=EDGE_CURVE('',#1436,#1437,#1708,.T.);
#1034=EDGE_CURVE('',#1438,#1437,#1709,.T.);
#1035=EDGE_CURVE('',#1439,#1438,#1710,.T.);
#1036=EDGE_CURVE('',#1439,#1422,#1711,.T.);
#1037=EDGE_CURVE('',#1440,#1441,#1712,.T.);
#1038=EDGE_CURVE('',#1440,#1442,#122,.F.);
#1039=EDGE_CURVE('',#1443,#1442,#1713,.T.);
#1040=EDGE_CURVE('',#1443,#1433,#1714,.T.);
#1041=EDGE_CURVE('',#1429,#1432,#1715,.T.);
#1042=EDGE_CURVE('',#1444,#1428,#1716,.T.);
#1043=EDGE_CURVE('',#1444,#1441,#1717,.T.);
#1044=EDGE_CURVE('',#1445,#1445,#123,.F.);
#1045=EDGE_CURVE('',#1446,#1447,#1718,.T.);
#1046=EDGE_CURVE('',#1446,#1448,#124,.F.);
#1047=EDGE_CURVE('',#1449,#1448,#1719,.T.);
#1048=EDGE_CURVE('',#1450,#1449,#125,.T.);
#1049=EDGE_CURVE('',#1450,#1451,#1720,.T.);
#1050=EDGE_CURVE('',#1452,#1451,#126,.T.);
#1051=EDGE_CURVE('',#1453,#1452,#1721,.T.);
#1052=EDGE_CURVE('',#1453,#1454,#1722,.T.);
#1053=EDGE_CURVE('',#1454,#1455,#1723,.T.);
#1054=EDGE_CURVE('',#1455,#1456,#1724,.T.);
#1055=EDGE_CURVE('',#1457,#1456,#1725,.T.);
#1056=EDGE_CURVE('',#1458,#1457,#1726,.T.);
#1057=EDGE_CURVE('',#1437,#1458,#1727,.T.);
#1058=EDGE_CURVE('',#1436,#1447,#1728,.T.);
#1059=EDGE_CURVE('',#1459,#1460,#1729,.T.);
#1060=EDGE_CURVE('',#1460,#1446,#1730,.T.);
#1061=EDGE_CURVE('',#1461,#1447,#1731,.T.);
#1062=EDGE_CURVE('',#1461,#1462,#1732,.T.);
#1063=EDGE_CURVE('',#1462,#1443,#1733,.T.);
#1064=EDGE_CURVE('',#1442,#1459,#1734,.F.);
#1065=EDGE_CURVE('',#1463,#1444,#1735,.T.);
#1066=EDGE_CURVE('',#1463,#1464,#1736,.T.);
#1067=EDGE_CURVE('',#1464,#1441,#1737,.T.);
#1068=EDGE_CURVE('',#1463,#1465,#1738,.T.);
#1069=EDGE_CURVE('',#1466,#1465,#1739,.T.);
#1070=EDGE_CURVE('',#1464,#1466,#1740,.T.);
#1071=EDGE_CURVE('',#1467,#1468,#1741,.T.);
#1072=EDGE_CURVE('',#1468,#1440,#1742,.T.);
#1073=EDGE_CURVE('',#1466,#1453,#1743,.T.);
#1074=EDGE_CURVE('',#1452,#1469,#1744,.T.);
#1075=EDGE_CURVE('',#1470,#1469,#1745,.T.);
#1076=EDGE_CURVE('',#1470,#1467,#1746,.F.);
#1077=EDGE_CURVE('',#1471,#1471,#127,.T.);
#1078=EDGE_CURVE('',#1472,#1472,#128,.T.);
#1079=EDGE_CURVE('',#1473,#1474,#129,.T.);
#1080=EDGE_CURVE('',#1473,#1474,#1747,.T.);
#1081=EDGE_CURVE('',#1475,#1475,#130,.T.);
#1082=EDGE_CURVE('',#1476,#1477,#1748,.F.);
#1083=EDGE_CURVE('',#1477,#1478,#1749,.F.);
#1084=EDGE_CURVE('',#1478,#1479,#1750,.F.);
#1085=EDGE_CURVE('',#1479,#1476,#1751,.F.);
#1086=EDGE_CURVE('',#1480,#1480,#131,.T.);
#1087=EDGE_CURVE('',#1481,#1482,#132,.T.);
#1088=EDGE_CURVE('',#1482,#1450,#1752,.T.);
#1089=EDGE_CURVE('',#1449,#1483,#1753,.T.);
#1090=EDGE_CURVE('',#1484,#1483,#133,.T.);
#1091=EDGE_CURVE('',#1469,#1484,#134,.T.);
#1092=EDGE_CURVE('',#1481,#1451,#1754,.T.);
#1093=EDGE_CURVE('',#1484,#1485,#1755,.T.);
#1094=EDGE_CURVE('',#1485,#1470,#135,.T.);
#1095=EDGE_CURVE('',#1483,#1486,#1756,.T.);
#1096=EDGE_CURVE('',#1486,#1487,#136,.T.);
#1097=EDGE_CURVE('',#1487,#1484,#1757,.T.);
#1098=EDGE_CURVE('',#1448,#1488,#1758,.F.);
#1099=EDGE_CURVE('',#1488,#1489,#1759,.T.);
#1100=EDGE_CURVE('',#1489,#1486,#1760,.T.);
#1101=EDGE_CURVE('',#1487,#1490,#1761,.F.);
#1102=EDGE_CURVE('',#1490,#1491,#1762,.T.);
#1103=EDGE_CURVE('',#1491,#1485,#1763,.T.);
#1104=EDGE_CURVE('',#1482,#1481,#1764,.T.);
#1105=EDGE_CURVE('',#1473,#1424,#1765,.T.);
#1106=EDGE_CURVE('',#1425,#1474,#1766,.F.);
#1107=EDGE_CURVE('',#1492,#1493,#1767,.T.);
#1108=EDGE_CURVE('',#1492,#1454,#1768,.T.);
#1109=EDGE_CURVE('',#1420,#1465,#1769,.T.);
#1110=EDGE_CURVE('',#1423,#1493,#1770,.T.);
#1111=EDGE_CURVE('',#1494,#1492,#1771,.T.);
#1112=EDGE_CURVE('',#1494,#1495,#1772,.T.);
#1113=EDGE_CURVE('',#1495,#1496,#1773,.T.);
#1114=EDGE_CURVE('',#1496,#1455,#1774,.T.);
#1115=EDGE_CURVE('',#1456,#1497,#1775,.T.);
#1116=EDGE_CURVE('',#1496,#1497,#1776,.T.);
#1117=EDGE_CURVE('',#1498,#1495,#1777,.T.);
#1118=EDGE_CURVE('',#1498,#1497,#1778,.T.);
#1119=EDGE_CURVE('',#1430,#1426,#1779,.T.);
#1120=EDGE_CURVE('',#1431,#1427,#1780,.T.);
#1121=EDGE_CURVE('',#1499,#1458,#1781,.T.);
#1122=EDGE_CURVE('',#1499,#1438,#1782,.T.);
#1123=EDGE_CURVE('',#1500,#1457,#1783,.T.);
#1124=EDGE_CURVE('',#1500,#1499,#1784,.T.);
#1125=EDGE_CURVE('',#1501,#1498,#1785,.T.);
#1126=EDGE_CURVE('',#1493,#1501,#1786,.T.);
#1127=EDGE_CURVE('',#1500,#1439,#1787,.T.);
#1128=EDGE_CURVE('',#1462,#1434,#1788,.T.);
#1129=EDGE_CURVE('',#1435,#1461,#1789,.T.);
#1130=EDGE_CURVE('',#1467,#1491,#137,.T.);
#1131=EDGE_CURVE('',#1467,#1479,#138,.F.);
#1132=EDGE_CURVE('',#1479,#1491,#139,.F.);
#1133=EDGE_CURVE('',#1490,#1489,#140,.T.);
#1134=EDGE_CURVE('',#1476,#1490,#141,.T.);
#1135=EDGE_CURVE('',#1468,#1478,#142,.T.);
#1136=EDGE_CURVE('',#1459,#1468,#143,.T.);
#1137=EDGE_CURVE('',#1476,#1489,#144,.F.);
#1138=EDGE_CURVE('',#1459,#1478,#145,.F.);
#1139=EDGE_CURVE('',#1477,#1488,#146,.T.);
#1140=EDGE_CURVE('',#1460,#1477,#147,.T.);
#1141=EDGE_CURVE('',#1460,#1488,#148,.F.);
#1142=EDGE_CURVE('',#1501,#1494,#1790,.T.);
#1143=EDGE_CURVE('',#1502,#1502,#149,.F.);
#1144=EDGE_CURVE('',#1503,#1503,#150,.T.);
#1145=EDGE_CURVE('',#1504,#1504,#151,.T.);
#1146=EDGE_CURVE('',#1505,#1505,#152,.T.);
#1147=EDGE_CURVE('',#1506,#1506,#153,.T.);
#1148=EDGE_CURVE('',#1507,#1507,#154,.T.);
#1149=EDGE_CURVE('',#1508,#1508,#155,.T.);
#1150=EDGE_CURVE('',#1509,#1509,#156,.T.);
#1151=EDGE_CURVE('',#1511,#1512,#1791,.T.);
#1152=EDGE_CURVE('',#1513,#1512,#1792,.T.);
#1153=EDGE_CURVE('',#1514,#1513,#1793,.T.);
#1154=EDGE_CURVE('',#1515,#1514,#1794,.T.);
#1155=EDGE_CURVE('',#1515,#1516,#1795,.T.);
#1156=EDGE_CURVE('',#1511,#1516,#1796,.T.);
#1157=EDGE_CURVE('',#1517,#1518,#157,.F.);
#1158=EDGE_CURVE('',#1517,#1519,#1797,.T.);
#1159=EDGE_CURVE('',#1519,#1520,#1798,.T.);
#1160=EDGE_CURVE('',#1520,#1521,#1799,.T.);
#1161=EDGE_CURVE('',#1521,#1522,#1800,.T.);
#1162=EDGE_CURVE('',#1522,#1523,#1801,.T.);
#1163=EDGE_CURVE('',#1523,#1514,#1802,.T.);
#1164=EDGE_CURVE('',#1524,#1513,#158,.F.);
#1165=EDGE_CURVE('',#1524,#1518,#1803,.T.);
#1166=EDGE_CURVE('',#1525,#1525,#159,.T.);
#1167=EDGE_CURVE('',#1526,#1521,#1804,.T.);
#1168=EDGE_CURVE('',#1526,#1527,#1805,.T.);
#1169=EDGE_CURVE('',#1528,#1527,#1806,.T.);
#1170=EDGE_CURVE('',#1528,#1529,#1807,.T.);
#1171=EDGE_CURVE('',#1530,#1529,#1808,.T.);
#1172=EDGE_CURVE('',#1530,#1531,#1809,.T.);
#1173=EDGE_CURVE('',#1531,#1532,#1810,.T.);
#1174=EDGE_CURVE('',#1532,#1511,#1811,.T.);
#1175=EDGE_CURVE('',#1516,#1533,#1812,.T.);
#1176=EDGE_CURVE('',#1533,#1522,#1813,.T.);
#1177=EDGE_CURVE('',#1518,#1534,#1814,.T.);
#1178=EDGE_CURVE('',#1524,#1535,#1815,.T.);
#1179=EDGE_CURVE('',#1535,#1534,#1816,.T.);
#1180=EDGE_CURVE('',#1536,#1536,#160,.T.);
#1181=EDGE_CURVE('',#1517,#1537,#1817,.T.);
#1182=EDGE_CURVE('',#1537,#1528,#1818,.T.);
#1183=EDGE_CURVE('',#1527,#1538,#1819,.T.);
#1184=EDGE_CURVE('',#1538,#1519,#1820,.T.);
#1185=EDGE_CURVE('',#1534,#1537,#161,.T.);
#1186=EDGE_CURVE('',#1512,#1535,#162,.T.);
#1187=EDGE_CURVE('',#1532,#1539,#1821,.T.);
#1188=EDGE_CURVE('',#1539,#1540,#1822,.T.);
#1189=EDGE_CURVE('',#1540,#1529,#1823,.T.);
#1190=EDGE_CURVE('',#1538,#1541,#1824,.T.);
#1191=EDGE_CURVE('',#1541,#1520,#1825,.T.);
#1192=EDGE_CURVE('',#1541,#1526,#1826,.T.);
#1193=EDGE_CURVE('',#1533,#1542,#1827,.T.);
#1194=EDGE_CURVE('',#1542,#1523,#1828,.T.);
#1195=EDGE_CURVE('',#1542,#1515,#1829,.T.);
#1196=EDGE_CURVE('',#1531,#1543,#1830,.T.);
#1197=EDGE_CURVE('',#1543,#1539,#1831,.T.);
#1198=EDGE_CURVE('',#1543,#1544,#1832,.T.);
#1199=EDGE_CURVE('',#1544,#1540,#1833,.T.);
#1200=EDGE_CURVE('',#1544,#1530,#1834,.T.);
#1201=EDGE_CURVE('',#1545,#1546,#163,.T.);
#1202=EDGE_CURVE('',#1547,#1546,#1835,.T.);
#1203=EDGE_CURVE('',#1548,#1547,#164,.T.);
#1204=EDGE_CURVE('',#1548,#1545,#1836,.T.);
#1205=EDGE_CURVE('',#1546,#1549,#1837,.T.);
#1206=EDGE_CURVE('',#1550,#1549,#1838,.T.);
#1207=EDGE_CURVE('',#1547,#1550,#1839,.T.);
#1208=EDGE_CURVE('',#1549,#1551,#1840,.T.);
#1209=EDGE_CURVE('',#1552,#1551,#1841,.T.);
#1210=EDGE_CURVE('',#1550,#1552,#1842,.T.);
#1211=EDGE_CURVE('',#1551,#1553,#1843,.T.);
#1212=EDGE_CURVE('',#1553,#1554,#1844,.F.);
#1213=EDGE_CURVE('',#1552,#1554,#1845,.T.);
#1214=EDGE_CURVE('',#1555,#1556,#1846,.T.);
#1215=EDGE_CURVE('',#1555,#1557,#1847,.T.);
#1216=EDGE_CURVE('',#1557,#1558,#1848,.T.);
#1217=EDGE_CURVE('',#1558,#1556,#1849,.F.);
#1218=EDGE_CURVE('',#1559,#1560,#1850,.T.);
#1219=EDGE_CURVE('',#1559,#1561,#1851,.T.);
#1220=EDGE_CURVE('',#1561,#1562,#1852,.T.);
#1221=EDGE_CURVE('',#1560,#1562,#1853,.T.);
#1222=EDGE_CURVE('',#1562,#1563,#1854,.T.);
#1223=EDGE_CURVE('',#1564,#1563,#1855,.T.);
#1224=EDGE_CURVE('',#1560,#1564,#1856,.T.);
#1225=EDGE_CURVE('',#1563,#1545,#1857,.T.);
#1226=EDGE_CURVE('',#1564,#1548,#1858,.T.);
#1227=EDGE_CURVE('',#1565,#1565,#165,.T.);
#1228=EDGE_CURVE('',#1554,#1555,#166,.T.);
#1229=EDGE_CURVE('',#1556,#1559,#167,.T.);
#1230=EDGE_CURVE('',#1566,#1566,#168,.T.);
#1231=EDGE_CURVE('',#1557,#1553,#169,.F.);
#1232=EDGE_CURVE('',#1561,#1558,#170,.F.);
#1233=EDGE_CURVE('',#1567,#1568,#1859,.T.);
#1234=EDGE_CURVE('',#1568,#1569,#1860,.T.);
#1235=EDGE_CURVE('',#1570,#1569,#1861,.T.);
#1236=EDGE_CURVE('',#1570,#1567,#1862,.T.);
#1237=EDGE_CURVE('',#1571,#1572,#1863,.T.);
#1238=EDGE_CURVE('',#1571,#1573,#1864,.T.);
#1239=EDGE_CURVE('',#1573,#1574,#1865,.T.);
#1240=EDGE_CURVE('',#1572,#1574,#1866,.T.);
#1241=EDGE_CURVE('',#1575,#1576,#21,.T.);
#1242=EDGE_CURVE('',#1575,#1577,#1867,.T.);
#1243=EDGE_CURVE('',#1578,#1577,#22,.T.);
#1244=EDGE_CURVE('',#1576,#1578,#1868,.T.);
#1245=EDGE_CURVE('',#1571,#1570,#1869,.T.);
#1246=EDGE_CURVE('',#1579,#1569,#1870,.T.);
#1247=EDGE_CURVE('',#1579,#1580,#1871,.T.);
#1248=EDGE_CURVE('',#1580,#1581,#1872,.T.);
#1249=EDGE_CURVE('',#1581,#1582,#1873,.T.);
#1250=EDGE_CURVE('',#1582,#1583,#1874,.T.);
#1251=EDGE_CURVE('',#1584,#1583,#1875,.T.);
#1252=EDGE_CURVE('',#1585,#1584,#1876,.T.);
#1253=EDGE_CURVE('',#1586,#1585,#1877,.T.);
#1254=EDGE_CURVE('',#1586,#1587,#1878,.T.);
#1255=EDGE_CURVE('',#1587,#1588,#1879,.T.);
#1256=EDGE_CURVE('',#1588,#1589,#1880,.T.);
#1257=EDGE_CURVE('',#1590,#1589,#1881,.T.);
#1258=EDGE_CURVE('',#1573,#1590,#1882,.T.);
#1259=EDGE_CURVE('',#1572,#1567,#1883,.T.);
#1260=EDGE_CURVE('',#1574,#1591,#1884,.T.);
#1261=EDGE_CURVE('',#1591,#1592,#1885,.T.);
#1262=EDGE_CURVE('',#1592,#1577,#1886,.T.);
#1263=EDGE_CURVE('',#1575,#1593,#1887,.T.);
#1264=EDGE_CURVE('',#1593,#1594,#1888,.T.);
#1265=EDGE_CURVE('',#1594,#1595,#1889,.T.);
#1266=EDGE_CURVE('',#1595,#1596,#1890,.T.);
#1267=EDGE_CURVE('',#1597,#1596,#1891,.T.);
#1268=EDGE_CURVE('',#1598,#1597,#1892,.T.);
#1269=EDGE_CURVE('',#1599,#1598,#1893,.T.);
#1270=EDGE_CURVE('',#1599,#1600,#1894,.T.);
#1271=EDGE_CURVE('',#1600,#1568,#1895,.T.);
#1272=EDGE_CURVE('',#1601,#1602,#1896,.T.);
#1273=EDGE_CURVE('',#1601,#1603,#1897,.T.);
#1274=EDGE_CURVE('',#1603,#1604,#1898,.T.);
#1275=EDGE_CURVE('',#1604,#1602,#1899,.T.);
#1276=EDGE_CURVE('',#1587,#1605,#23,.T.);
#1277=EDGE_CURVE('',#1605,#1606,#1900,.T.);
#1278=EDGE_CURVE('',#1606,#1588,#24,.T.);
#1279=EDGE_CURVE('',#1605,#1607,#1901,.T.);
#1280=EDGE_CURVE('',#1607,#1608,#1902,.T.);
#1281=EDGE_CURVE('',#1608,#1606,#1903,.T.);
#1282=EDGE_CURVE('',#1607,#1609,#25,.T.);
#1283=EDGE_CURVE('',#1609,#1610,#1904,.T.);
#1284=EDGE_CURVE('',#1610,#1608,#26,.T.);
#1285=EDGE_CURVE('',#1609,#1611,#1905,.T.);
#1286=EDGE_CURVE('',#1611,#1612,#1906,.T.);
#1287=EDGE_CURVE('',#1612,#1610,#1907,.T.);
#1288=EDGE_CURVE('',#1611,#1613,#27,.F.);
#1289=EDGE_CURVE('',#1613,#1614,#1908,.T.);
#1290=EDGE_CURVE('',#1614,#1612,#28,.F.);
#1291=EDGE_CURVE('',#1615,#1615,#171,.F.);
#1292=EDGE_CURVE('',#1613,#1601,#1909,.T.);
#1293=EDGE_CURVE('',#1602,#1614,#1910,.T.);
#1294=EDGE_CURVE('',#1576,#1616,#1911,.T.);
#1295=EDGE_CURVE('',#1617,#1578,#1912,.T.);
#1296=EDGE_CURVE('',#1616,#1617,#1913,.T.);
#1297=EDGE_CURVE('',#1616,#1618,#29,.T.);
#1298=EDGE_CURVE('',#1619,#1617,#30,.T.);
#1299=EDGE_CURVE('',#1618,#1619,#1914,.T.);
#1300=EDGE_CURVE('',#1618,#1620,#1915,.T.);
#1301=EDGE_CURVE('',#1621,#1619,#1916,.T.);
#1302=EDGE_CURVE('',#1620,#1621,#1917,.T.);
#1303=EDGE_CURVE('',#1622,#1621,#31,.F.);
#1304=EDGE_CURVE('',#1623,#1622,#1918,.T.);
#1305=EDGE_CURVE('',#1620,#1623,#32,.F.);
#1306=EDGE_CURVE('',#1624,#1624,#172,.T.);
#1307=EDGE_CURVE('',#1623,#1603,#1919,.T.);
#1308=EDGE_CURVE('',#1604,#1622,#1920,.T.);
#1309=EDGE_CURVE('',#1593,#1586,#1921,.T.);
#1310=EDGE_CURVE('',#1585,#1594,#1922,.T.);
#1311=EDGE_CURVE('',#1590,#1591,#1923,.T.);
#1312=EDGE_CURVE('',#1592,#1589,#1924,.T.);
#1313=EDGE_CURVE('',#1584,#1595,#1925,.T.);
#1314=EDGE_CURVE('',#1583,#1596,#1926,.T.);
#1315=EDGE_CURVE('',#1575,#1587,#1927,.T.);
#1316=EDGE_CURVE('',#1577,#1588,#1928,.T.);
#1317=EDGE_CURVE('',#1581,#1598,#1929,.T.);
#1318=EDGE_CURVE('',#1582,#1597,#1930,.T.);
#1319=EDGE_CURVE('',#1625,#1626,#1931,.T.);
#1320=EDGE_CURVE('',#1626,#1627,#1932,.F.);
#1321=EDGE_CURVE('',#1628,#1627,#1933,.T.);
#1322=EDGE_CURVE('',#1628,#1579,#173,.T.);
#1323=EDGE_CURVE('',#1625,#1600,#174,.T.);
#1324=EDGE_CURVE('',#1629,#1630,#1934,.T.);
#1325=EDGE_CURVE('',#1629,#1631,#1935,.T.);
#1326=EDGE_CURVE('',#1631,#1632,#1936,.T.);
#1327=EDGE_CURVE('',#1599,#1632,#175,.F.);
#1328=EDGE_CURVE('',#1580,#1630,#176,.T.);
#1329=EDGE_CURVE('',#1627,#1633,#177,.T.);
#1330=EDGE_CURVE('',#1633,#1634,#1937,.T.);
#1331=EDGE_CURVE('',#1634,#1629,#178,.T.);
#1332=EDGE_CURVE('',#1630,#1628,#1938,.T.);
#1333=EDGE_CURVE('',#1635,#1636,#1939,.T.);
#1334=EDGE_CURVE('',#1635,#1626,#179,.F.);
#1335=EDGE_CURVE('',#1632,#1625,#1940,.T.);
#1336=EDGE_CURVE('',#1631,#1636,#180,.F.);
#1337=EDGE_CURVE('',#1633,#1635,#1941,.T.);
#1338=EDGE_CURVE('',#1636,#1634,#1942,.F.);
#1339=EDGE_CURVE('',#1637,#1637,#181,.T.);
#1340=EDGE_CURVE('',#1638,#1638,#182,.T.);
#1341=EDGE_CURVE('',#1639,#1639,#183,.F.);
#1342=EDGE_CURVE('',#1640,#1641,#1943,.T.);
#1343=EDGE_CURVE('',#1640,#1642,#1944,.F.);
#1344=EDGE_CURVE('',#1642,#1643,#1945,.T.);
#1345=EDGE_CURVE('',#1641,#1643,#1946,.T.);
#1346=EDGE_CURVE('',#1644,#1645,#1947,.T.);
#1347=EDGE_CURVE('',#1644,#1646,#1948,.F.);
#1348=EDGE_CURVE('',#1646,#1647,#1949,.T.);
#1349=EDGE_CURVE('',#1647,#1648,#184,.T.);
#1350=EDGE_CURVE('',#1641,#1648,#1950,.T.);
#1351=EDGE_CURVE('',#1643,#1649,#1951,.T.);
#1352=EDGE_CURVE('',#1645,#1649,#185,.T.);
#1353=EDGE_CURVE('',#1650,#1651,#1952,.T.);
#1354=EDGE_CURVE('',#1651,#1652,#1953,.T.);
#1355=EDGE_CURVE('',#1653,#1652,#1954,.T.);
#1356=EDGE_CURVE('',#1654,#1653,#186,.F.);
#1357=EDGE_CURVE('',#1654,#1655,#1955,.T.);
#1358=EDGE_CURVE('',#1656,#1655,#1956,.T.);
#1359=EDGE_CURVE('',#1657,#1656,#1957,.T.);
#1360=EDGE_CURVE('',#1657,#1650,#187,.T.);
#1361=EDGE_CURVE('',#1658,#1659,#1958,.T.);
#1362=EDGE_CURVE('',#1658,#1660,#188,.F.);
#1363=EDGE_CURVE('',#1661,#1660,#1959,.T.);
#1364=EDGE_CURVE('',#1661,#1662,#189,.F.);
#1365=EDGE_CURVE('',#1663,#1662,#1960,.T.);
#1366=EDGE_CURVE('',#1663,#1651,#190,.T.);
#1367=EDGE_CURVE('',#1650,#1647,#1961,.T.);
#1368=EDGE_CURVE('',#1646,#1664,#191,.F.);
#1369=EDGE_CURVE('',#1665,#1664,#1962,.T.);
#1370=EDGE_CURVE('',#1665,#1666,#192,.F.);
#1371=EDGE_CURVE('',#1667,#1666,#1963,.T.);
#1372=EDGE_CURVE('',#1667,#1659,#193,.T.);
#1373=EDGE_CURVE('',#1664,#1668,#1964,.T.);
#1374=EDGE_CURVE('',#1669,#1668,#1965,.T.);
#1375=EDGE_CURVE('',#1669,#1665,#1966,.F.);
#1376=EDGE_CURVE('',#1662,#1670,#1967,.T.);
#1377=EDGE_CURVE('',#1671,#1670,#1968,.T.);
#1378=EDGE_CURVE('',#1671,#1663,#1969,.F.);
#1379=EDGE_CURVE('',#1660,#1672,#1970,.T.);
#1380=EDGE_CURVE('',#1673,#1672,#1971,.T.);
#1381=EDGE_CURVE('',#1673,#1661,#1972,.F.);
#1382=EDGE_CURVE('',#1659,#1674,#1973,.T.);
#1383=EDGE_CURVE('',#1675,#1674,#1974,.T.);
#1384=EDGE_CURVE('',#1675,#1658,#1975,.F.);
#1385=EDGE_CURVE('',#1676,#1677,#1976,.T.);
#1386=EDGE_CURVE('',#1676,#1667,#1977,.F.);
#1387=EDGE_CURVE('',#1666,#1677,#1978,.T.);
#1388=EDGE_CURVE('',#1672,#1675,#194,.T.);
#1389=EDGE_CURVE('',#1674,#1676,#195,.F.);
#1390=EDGE_CURVE('',#1677,#1669,#196,.T.);
#1391=EDGE_CURVE('',#1668,#1644,#197,.T.);
#1392=EDGE_CURVE('',#1653,#1645,#1979,.T.);
#1393=EDGE_CURVE('',#1652,#1671,#198,.F.);
#1394=EDGE_CURVE('',#1670,#1673,#199,.T.);
#1395=EDGE_CURVE('',#1656,#1678,#1980,.T.);
#1396=EDGE_CURVE('',#1678,#1679,#200,.F.);
#1397=EDGE_CURVE('',#1679,#1680,#1981,.T.);
#1398=EDGE_CURVE('',#1680,#1681,#201,.T.);
#1399=EDGE_CURVE('',#1681,#1682,#1982,.T.);
#1400=EDGE_CURVE('',#1682,#1683,#202,.T.);
#1401=EDGE_CURVE('',#1683,#1684,#1983,.T.);
#1402=EDGE_CURVE('',#1684,#1640,#203,.F.);
#1403=EDGE_CURVE('',#1648,#1657,#1984,.T.);
#1404=EDGE_CURVE('',#1685,#1686,#1985,.T.);
#1405=EDGE_CURVE('',#1685,#1687,#204,.F.);
#1406=EDGE_CURVE('',#1688,#1687,#1986,.T.);
#1407=EDGE_CURVE('',#1688,#1689,#205,.T.);
#1408=EDGE_CURVE('',#1655,#1689,#1987,.T.);
#1409=EDGE_CURVE('',#1649,#1654,#1988,.T.);
#1410=EDGE_CURVE('',#1642,#1690,#206,.T.);
#1411=EDGE_CURVE('',#1691,#1690,#1989,.T.);
#1412=EDGE_CURVE('',#1691,#1686,#207,.F.);
#1413=EDGE_CURVE('',#1689,#1678,#1990,.T.);
#1414=EDGE_CURVE('',#1679,#1688,#1991,.F.);
#1415=EDGE_CURVE('',#1687,#1680,#1992,.T.);
#1416=EDGE_CURVE('',#1681,#1685,#1993,.F.);
#1417=EDGE_CURVE('',#1686,#1682,#1994,.T.);
#1418=EDGE_CURVE('',#1690,#1684,#1995,.T.);
#1419=EDGE_CURVE('',#1683,#1691,#1996,.F.);
#1420=VERTEX_POINT('',#4130);
#1421=VERTEX_POINT('',#4131);
#1422=VERTEX_POINT('',#4133);
#1423=VERTEX_POINT('',#4135);
#1424=VERTEX_POINT('',#4137);
#1425=VERTEX_POINT('',#4139);
#1426=VERTEX_POINT('',#4143);
#1427=VERTEX_POINT('',#4144);
#1428=VERTEX_POINT('',#4146);
#1429=VERTEX_POINT('',#4148);
#1430=VERTEX_POINT('',#4152);
#1431=VERTEX_POINT('',#4154);
#1432=VERTEX_POINT('',#4156);
#1433=VERTEX_POINT('',#4158);
#1434=VERTEX_POINT('',#4160);
#1435=VERTEX_POINT('',#4162);
#1436=VERTEX_POINT('',#4164);
#1437=VERTEX_POINT('',#4166);
#1438=VERTEX_POINT('',#4168);
#1439=VERTEX_POINT('',#4170);
#1440=VERTEX_POINT('',#4174);
#1441=VERTEX_POINT('',#4175);
#1442=VERTEX_POINT('',#4177);
#1443=VERTEX_POINT('',#4179);
#1444=VERTEX_POINT('',#4183);
#1445=VERTEX_POINT('',#4187);
#1446=VERTEX_POINT('',#4189);
#1447=VERTEX_POINT('',#4190);
#1448=VERTEX_POINT('',#4192);
#1449=VERTEX_POINT('',#4194);
#1450=VERTEX_POINT('',#4196);
#1451=VERTEX_POINT('',#4198);
#1452=VERTEX_POINT('',#4200);
#1453=VERTEX_POINT('',#4202);
#1454=VERTEX_POINT('',#4204);
#1455=VERTEX_POINT('',#4206);
#1456=VERTEX_POINT('',#4208);
#1457=VERTEX_POINT('',#4210);
#1458=VERTEX_POINT('',#4212);
#1459=VERTEX_POINT('',#4217);
#1460=VERTEX_POINT('',#4218);
#1461=VERTEX_POINT('',#4221);
#1462=VERTEX_POINT('',#4223);
#1463=VERTEX_POINT('',#4228);
#1464=VERTEX_POINT('',#4230);
#1465=VERTEX_POINT('',#4234);
#1466=VERTEX_POINT('',#4236);
#1467=VERTEX_POINT('',#4240);
#1468=VERTEX_POINT('',#4241);
#1469=VERTEX_POINT('',#4245);
#1470=VERTEX_POINT('',#4247);
#1471=VERTEX_POINT('',#4251);
#1472=VERTEX_POINT('',#4253);
#1473=VERTEX_POINT('',#4256);
#1474=VERTEX_POINT('',#4257);
#1475=VERTEX_POINT('',#4260);
#1476=VERTEX_POINT('',#4263);
#1477=VERTEX_POINT('',#4264);
#1478=VERTEX_POINT('',#4266);
#1479=VERTEX_POINT('',#4268);
#1480=VERTEX_POINT('',#4271);
#1481=VERTEX_POINT('',#4274);
#1482=VERTEX_POINT('',#4275);
#1483=VERTEX_POINT('',#4278);
#1484=VERTEX_POINT('',#4280);
#1485=VERTEX_POINT('',#4285);
#1486=VERTEX_POINT('',#4289);
#1487=VERTEX_POINT('',#4291);
#1488=VERTEX_POINT('',#4295);
#1489=VERTEX_POINT('',#4297);
#1490=VERTEX_POINT('',#4301);
#1491=VERTEX_POINT('',#4303);
#1492=VERTEX_POINT('',#4315);
#1493=VERTEX_POINT('',#4316);
#1494=VERTEX_POINT('',#4322);
#1495=VERTEX_POINT('',#4324);
#1496=VERTEX_POINT('',#4326);
#1497=VERTEX_POINT('',#4330);
#1498=VERTEX_POINT('',#4334);
#1499=VERTEX_POINT('',#4342);
#1500=VERTEX_POINT('',#4346);
#1501=VERTEX_POINT('',#4350);
#1502=VERTEX_POINT('',#4390);
#1503=VERTEX_POINT('',#4392);
#1504=VERTEX_POINT('',#4395);
#1505=VERTEX_POINT('',#4398);
#1506=VERTEX_POINT('',#4401);
#1507=VERTEX_POINT('',#4404);
#1508=VERTEX_POINT('',#4407);
#1509=VERTEX_POINT('',#4411);
#1510=VERTEX_POINT('',#4413);
#1511=VERTEX_POINT('',#4417);
#1512=VERTEX_POINT('',#4418);
#1513=VERTEX_POINT('',#4420);
#1514=VERTEX_POINT('',#4422);
#1515=VERTEX_POINT('',#4424);
#1516=VERTEX_POINT('',#4426);
#1517=VERTEX_POINT('',#4430);
#1518=VERTEX_POINT('',#4431);
#1519=VERTEX_POINT('',#4433);
#1520=VERTEX_POINT('',#4435);
#1521=VERTEX_POINT('',#4437);
#1522=VERTEX_POINT('',#4439);
#1523=VERTEX_POINT('',#4441);
#1524=VERTEX_POINT('',#4444);
#1525=VERTEX_POINT('',#4447);
#1526=VERTEX_POINT('',#4450);
#1527=VERTEX_POINT('',#4452);
#1528=VERTEX_POINT('',#4454);
#1529=VERTEX_POINT('',#4456);
#1530=VERTEX_POINT('',#4458);
#1531=VERTEX_POINT('',#4460);
#1532=VERTEX_POINT('',#4462);
#1533=VERTEX_POINT('',#4465);
#1534=VERTEX_POINT('',#4469);
#1535=VERTEX_POINT('',#4471);
#1536=VERTEX_POINT('',#4475);
#1537=VERTEX_POINT('',#4478);
#1538=VERTEX_POINT('',#4481);
#1539=VERTEX_POINT('',#4487);
#1540=VERTEX_POINT('',#4489);
#1541=VERTEX_POINT('',#4493);
#1542=VERTEX_POINT('',#4500);
#1543=VERTEX_POINT('',#4507);
#1544=VERTEX_POINT('',#4511);
#1545=VERTEX_POINT('',#4521);
#1546=VERTEX_POINT('',#4522);
#1547=VERTEX_POINT('',#4524);
#1548=VERTEX_POINT('',#4526);
#1549=VERTEX_POINT('',#4530);
#1550=VERTEX_POINT('',#4532);
#1551=VERTEX_POINT('',#4536);
#1552=VERTEX_POINT('',#4538);
#1553=VERTEX_POINT('',#4542);
#1554=VERTEX_POINT('',#4544);
#1555=VERTEX_POINT('',#4548);
#1556=VERTEX_POINT('',#4549);
#1557=VERTEX_POINT('',#4551);
#1558=VERTEX_POINT('',#4553);
#1559=VERTEX_POINT('',#4557);
#1560=VERTEX_POINT('',#4558);
#1561=VERTEX_POINT('',#4560);
#1562=VERTEX_POINT('',#4562);
#1563=VERTEX_POINT('',#4566);
#1564=VERTEX_POINT('',#4568);
#1565=VERTEX_POINT('',#4575);
#1566=VERTEX_POINT('',#4580);
#1567=VERTEX_POINT('',#4589);
#1568=VERTEX_POINT('',#4590);
#1569=VERTEX_POINT('',#4592);
#1570=VERTEX_POINT('',#4594);
#1571=VERTEX_POINT('',#4598);
#1572=VERTEX_POINT('',#4599);
#1573=VERTEX_POINT('',#4601);
#1574=VERTEX_POINT('',#4603);
#1575=VERTEX_POINT('',#4607);
#1576=VERTEX_POINT('',#4608);
#1577=VERTEX_POINT('',#4610);
#1578=VERTEX_POINT('',#4612);
#1579=VERTEX_POINT('',#4617);
#1580=VERTEX_POINT('',#4619);
#1581=VERTEX_POINT('',#4621);
#1582=VERTEX_POINT('',#4623);
#1583=VERTEX_POINT('',#4625);
#1584=VERTEX_POINT('',#4627);
#1585=VERTEX_POINT('',#4629);
#1586=VERTEX_POINT('',#4631);
#1587=VERTEX_POINT('',#4633);
#1588=VERTEX_POINT('',#4635);
#1589=VERTEX_POINT('',#4637);
#1590=VERTEX_POINT('',#4639);
#1591=VERTEX_POINT('',#4644);
#1592=VERTEX_POINT('',#4646);
#1593=VERTEX_POINT('',#4649);
#1594=VERTEX_POINT('',#4651);
#1595=VERTEX_POINT('',#4653);
#1596=VERTEX_POINT('',#4655);
#1597=VERTEX_POINT('',#4657);
#1598=VERTEX_POINT('',#4659);
#1599=VERTEX_POINT('',#4661);
#1600=VERTEX_POINT('',#4663);
#1601=VERTEX_POINT('',#4667);
#1602=VERTEX_POINT('',#4668);
#1603=VERTEX_POINT('',#4670);
#1604=VERTEX_POINT('',#4672);
#1605=VERTEX_POINT('',#4676);
#1606=VERTEX_POINT('',#4678);
#1607=VERTEX_POINT('',#4682);
#1608=VERTEX_POINT('',#4684);
#1609=VERTEX_POINT('',#4688);
#1610=VERTEX_POINT('',#4690);
#1611=VERTEX_POINT('',#4694);
#1612=VERTEX_POINT('',#4696);
#1613=VERTEX_POINT('',#4700);
#1614=VERTEX_POINT('',#4702);
#1615=VERTEX_POINT('',#4706);
#1616=VERTEX_POINT('',#4711);
#1617=VERTEX_POINT('',#4713);
#1618=VERTEX_POINT('',#4717);
#1619=VERTEX_POINT('',#4719);
#1620=VERTEX_POINT('',#4723);
#1621=VERTEX_POINT('',#4725);
#1622=VERTEX_POINT('',#4729);
#1623=VERTEX_POINT('',#4731);
#1624=VERTEX_POINT('',#4735);
#1625=VERTEX_POINT('',#4762);
#1626=VERTEX_POINT('',#4763);
#1627=VERTEX_POINT('',#4765);
#1628=VERTEX_POINT('',#4767);
#1629=VERTEX_POINT('',#4772);
#1630=VERTEX_POINT('',#4773);
#1631=VERTEX_POINT('',#4775);
#1632=VERTEX_POINT('',#4777);
#1633=VERTEX_POINT('',#4782);
#1634=VERTEX_POINT('',#4784);
#1635=VERTEX_POINT('',#4789);
#1636=VERTEX_POINT('',#4790);
#1637=VERTEX_POINT('',#4803);
#1638=VERTEX_POINT('',#4806);
#1639=VERTEX_POINT('',#4809);
#1640=VERTEX_POINT('',#4815);
#1641=VERTEX_POINT('',#4816);
#1642=VERTEX_POINT('',#4818);
#1643=VERTEX_POINT('',#4820);
#1644=VERTEX_POINT('',#4824);
#1645=VERTEX_POINT('',#4825);
#1646=VERTEX_POINT('',#4827);
#1647=VERTEX_POINT('',#4829);
#1648=VERTEX_POINT('',#4831);
#1649=VERTEX_POINT('',#4834);
#1650=VERTEX_POINT('',#4838);
#1651=VERTEX_POINT('',#4839);
#1652=VERTEX_POINT('',#4841);
#1653=VERTEX_POINT('',#4843);
#1654=VERTEX_POINT('',#4845);
#1655=VERTEX_POINT('',#4847);
#1656=VERTEX_POINT('',#4849);
#1657=VERTEX_POINT('',#4851);
#1658=VERTEX_POINT('',#4855);
#1659=VERTEX_POINT('',#4856);
#1660=VERTEX_POINT('',#4858);
#1661=VERTEX_POINT('',#4860);
#1662=VERTEX_POINT('',#4862);
#1663=VERTEX_POINT('',#4864);
#1664=VERTEX_POINT('',#4868);
#1665=VERTEX_POINT('',#4870);
#1666=VERTEX_POINT('',#4872);
#1667=VERTEX_POINT('',#4874);
#1668=VERTEX_POINT('',#4878);
#1669=VERTEX_POINT('',#4880);
#1670=VERTEX_POINT('',#4884);
#1671=VERTEX_POINT('',#4886);
#1672=VERTEX_POINT('',#4890);
#1673=VERTEX_POINT('',#4892);
#1674=VERTEX_POINT('',#4896);
#1675=VERTEX_POINT('',#4898);
#1676=VERTEX_POINT('',#4902);
#1677=VERTEX_POINT('',#4903);
#1678=VERTEX_POINT('',#4916);
#1679=VERTEX_POINT('',#4918);
#1680=VERTEX_POINT('',#4920);
#1681=VERTEX_POINT('',#4922);
#1682=VERTEX_POINT('',#4924);
#1683=VERTEX_POINT('',#4926);
#1684=VERTEX_POINT('',#4928);
#1685=VERTEX_POINT('',#4933);
#1686=VERTEX_POINT('',#4934);
#1687=VERTEX_POINT('',#4936);
#1688=VERTEX_POINT('',#4938);
#1689=VERTEX_POINT('',#4940);
#1690=VERTEX_POINT('',#4944);
#1691=VERTEX_POINT('',#4946);
#1692=LINE('',#4129,#1997);
#1693=LINE('',#4132,#1998);
#1694=LINE('',#4134,#1999);
#1695=LINE('',#4136,#2000);
#1696=LINE('',#4140,#2001);
#1697=LINE('',#4142,#2002);
#1698=LINE('',#4145,#2003);
#1699=LINE('',#4147,#2004);
#1700=LINE('',#4149,#2005);
#1701=LINE('',#4151,#2006);
#1702=LINE('',#4153,#2007);
#1703=LINE('',#4155,#2008);
#1704=LINE('',#4157,#2009);
#1705=LINE('',#4159,#2010);
#1706=LINE('',#4161,#2011);
#1707=LINE('',#4163,#2012);
#1708=LINE('',#4165,#2013);
#1709=LINE('',#4167,#2014);
#1710=LINE('',#4169,#2015);
#1711=LINE('',#4171,#2016);
#1712=LINE('',#4173,#2017);
#1713=LINE('',#4178,#2018);
#1714=LINE('',#4180,#2019);
#1715=LINE('',#4181,#2020);
#1716=LINE('',#4182,#2021);
#1717=LINE('',#4184,#2022);
#1718=LINE('',#4188,#2023);
#1719=LINE('',#4193,#2024);
#1720=LINE('',#4197,#2025);
#1721=LINE('',#4201,#2026);
#1722=LINE('',#4203,#2027);
#1723=LINE('',#4205,#2028);
#1724=LINE('',#4207,#2029);
#1725=LINE('',#4209,#2030);
#1726=LINE('',#4211,#2031);
#1727=LINE('',#4213,#2032);
#1728=LINE('',#4214,#2033);
#1729=LINE('',#4216,#2034);
#1730=LINE('',#4219,#2035);
#1731=LINE('',#4220,#2036);
#1732=LINE('',#4222,#2037);
#1733=LINE('',#4224,#2038);
#1734=LINE('',#4225,#2039);
#1735=LINE('',#4227,#2040);
#1736=LINE('',#4229,#2041);
#1737=LINE('',#4231,#2042);
#1738=LINE('',#4233,#2043);
#1739=LINE('',#4235,#2044);
#1740=LINE('',#4237,#2045);
#1741=LINE('',#4239,#2046);
#1742=LINE('',#4242,#2047);
#1743=LINE('',#4243,#2048);
#1744=LINE('',#4244,#2049);
#1745=LINE('',#4246,#2050);
#1746=LINE('',#4248,#2051);
#1747=LINE('',#4258,#2052);
#1748=LINE('',#4262,#2053);
#1749=LINE('',#4265,#2054);
#1750=LINE('',#4267,#2055);
#1751=LINE('',#4269,#2056);
#1752=LINE('',#4276,#2057);
#1753=LINE('',#4277,#2058);
#1754=LINE('',#4282,#2059);
#1755=LINE('',#4284,#2060);
#1756=LINE('',#4288,#2061);
#1757=LINE('',#4292,#2062);
#1758=LINE('',#4294,#2063);
#1759=LINE('',#4296,#2064);
#1760=LINE('',#4298,#2065);
#1761=LINE('',#4300,#2066);
#1762=LINE('',#4302,#2067);
#1763=LINE('',#4304,#2068);
#1764=LINE('',#4306,#2069);
#1765=LINE('',#4309,#2070);
#1766=LINE('',#4310,#2071);
#1767=LINE('',#4314,#2072);
#1768=LINE('',#4317,#2073);
#1769=LINE('',#4318,#2074);
#1770=LINE('',#4319,#2075);
#1771=LINE('',#4321,#2076);
#1772=LINE('',#4323,#2077);
#1773=LINE('',#4325,#2078);
#1774=LINE('',#4327,#2079);
#1775=LINE('',#4329,#2080);
#1776=LINE('',#4331,#2081);
#1777=LINE('',#4333,#2082);
#1778=LINE('',#4335,#2083);
#1779=LINE('',#4337,#2084);
#1780=LINE('',#4339,#2085);
#1781=LINE('',#4341,#2086);
#1782=LINE('',#4343,#2087);
#1783=LINE('',#4345,#2088);
#1784=LINE('',#4347,#2089);
#1785=LINE('',#4349,#2090);
#1786=LINE('',#4351,#2091);
#1787=LINE('',#4352,#2092);
#1788=LINE('',#4354,#2093);
#1789=LINE('',#4356,#2094);
#1790=LINE('',#4383,#2095);
#1791=LINE('',#4416,#2096);
#1792=LINE('',#4419,#2097);
#1793=LINE('',#4421,#2098);
#1794=LINE('',#4423,#2099);
#1795=LINE('',#4425,#2100);
#1796=LINE('',#4427,#2101);
#1797=LINE('',#4432,#2102);
#1798=LINE('',#4434,#2103);
#1799=LINE('',#4436,#2104);
#1800=LINE('',#4438,#2105);
#1801=LINE('',#4440,#2106);
#1802=LINE('',#4442,#2107);
#1803=LINE('',#4445,#2108);
#1804=LINE('',#4449,#2109);
#1805=LINE('',#4451,#2110);
#1806=LINE('',#4453,#2111);
#1807=LINE('',#4455,#2112);
#1808=LINE('',#4457,#2113);
#1809=LINE('',#4459,#2114);
#1810=LINE('',#4461,#2115);
#1811=LINE('',#4463,#2116);
#1812=LINE('',#4464,#2117);
#1813=LINE('',#4466,#2118);
#1814=LINE('',#4468,#2119);
#1815=LINE('',#4470,#2120);
#1816=LINE('',#4472,#2121);
#1817=LINE('',#4477,#2122);
#1818=LINE('',#4479,#2123);
#1819=LINE('',#4480,#2124);
#1820=LINE('',#4482,#2125);
#1821=LINE('',#4486,#2126);
#1822=LINE('',#4488,#2127);
#1823=LINE('',#4490,#2128);
#1824=LINE('',#4492,#2129);
#1825=LINE('',#4494,#2130);
#1826=LINE('',#4496,#2131);
#1827=LINE('',#4499,#2132);
#1828=LINE('',#4501,#2133);
#1829=LINE('',#4503,#2134);
#1830=LINE('',#4506,#2135);
#1831=LINE('',#4508,#2136);
#1832=LINE('',#4510,#2137);
#1833=LINE('',#4512,#2138);
#1834=LINE('',#4514,#2139);
#1835=LINE('',#4523,#2140);
#1836=LINE('',#4527,#2141);
#1837=LINE('',#4529,#2142);
#1838=LINE('',#4531,#2143);
#1839=LINE('',#4533,#2144);
#1840=LINE('',#4535,#2145);
#1841=LINE('',#4537,#2146);
#1842=LINE('',#4539,#2147);
#1843=LINE('',#4541,#2148);
#1844=LINE('',#4543,#2149);
#1845=LINE('',#4545,#2150);
#1846=LINE('',#4547,#2151);
#1847=LINE('',#4550,#2152);
#1848=LINE('',#4552,#2153);
#1849=LINE('',#4554,#2154);
#1850=LINE('',#4556,#2155);
#1851=LINE('',#4559,#2156);
#1852=LINE('',#4561,#2157);
#1853=LINE('',#4563,#2158);
#1854=LINE('',#4565,#2159);
#1855=LINE('',#4567,#2160);
#1856=LINE('',#4569,#2161);
#1857=LINE('',#4571,#2162);
#1858=LINE('',#4572,#2163);
#1859=LINE('',#4588,#2164);
#1860=LINE('',#4591,#2165);
#1861=LINE('',#4593,#2166);
#1862=LINE('',#4595,#2167);
#1863=LINE('',#4597,#2168);
#1864=LINE('',#4600,#2169);
#1865=LINE('',#4602,#2170);
#1866=LINE('',#4604,#2171);
#1867=LINE('',#4609,#2172);
#1868=LINE('',#4613,#2173);
#1869=LINE('',#4615,#2174);
#1870=LINE('',#4616,#2175);
#1871=LINE('',#4618,#2176);
#1872=LINE('',#4620,#2177);
#1873=LINE('',#4622,#2178);
#1874=LINE('',#4624,#2179);
#1875=LINE('',#4626,#2180);
#1876=LINE('',#4628,#2181);
#1877=LINE('',#4630,#2182);
#1878=LINE('',#4632,#2183);
#1879=LINE('',#4634,#2184);
#1880=LINE('',#4636,#2185);
#1881=LINE('',#4638,#2186);
#1882=LINE('',#4640,#2187);
#1883=LINE('',#4642,#2188);
#1884=LINE('',#4643,#2189);
#1885=LINE('',#4645,#2190);
#1886=LINE('',#4647,#2191);
#1887=LINE('',#4648,#2192);
#1888=LINE('',#4650,#2193);
#1889=LINE('',#4652,#2194);
#1890=LINE('',#4654,#2195);
#1891=LINE('',#4656,#2196);
#1892=LINE('',#4658,#2197);
#1893=LINE('',#4660,#2198);
#1894=LINE('',#4662,#2199);
#1895=LINE('',#4664,#2200);
#1896=LINE('',#4666,#2201);
#1897=LINE('',#4669,#2202);
#1898=LINE('',#4671,#2203);
#1899=LINE('',#4673,#2204);
#1900=LINE('',#4677,#2205);
#1901=LINE('',#4681,#2206);
#1902=LINE('',#4683,#2207);
#1903=LINE('',#4685,#2208);
#1904=LINE('',#4689,#2209);
#1905=LINE('',#4693,#2210);
#1906=LINE('',#4695,#2211);
#1907=LINE('',#4697,#2212);
#1908=LINE('',#4701,#2213);
#1909=LINE('',#4707,#2214);
#1910=LINE('',#4708,#2215);
#1911=LINE('',#4710,#2216);
#1912=LINE('',#4712,#2217);
#1913=LINE('',#4714,#2218);
#1914=LINE('',#4720,#2219);
#1915=LINE('',#4722,#2220);
#1916=LINE('',#4724,#2221);
#1917=LINE('',#4726,#2222);
#1918=LINE('',#4730,#2223);
#1919=LINE('',#4736,#2224);
#1920=LINE('',#4737,#2225);
#1921=LINE('',#4739,#2226);
#1922=LINE('',#4740,#2227);
#1923=LINE('',#4742,#2228);
#1924=LINE('',#4744,#2229);
#1925=LINE('',#4746,#2230);
#1926=LINE('',#4748,#2231);
#1927=LINE('',#4750,#2232);
#1928=LINE('',#4752,#2233);
#1929=LINE('',#4757,#2234);
#1930=LINE('',#4758,#2235);
#1931=LINE('',#4761,#2236);
#1932=LINE('',#4764,#2237);
#1933=LINE('',#4766,#2238);
#1934=LINE('',#4771,#2239);
#1935=LINE('',#4774,#2240);
#1936=LINE('',#4776,#2241);
#1937=LINE('',#4783,#2242);
#1938=LINE('',#4786,#2243);
#1939=LINE('',#4788,#2244);
#1940=LINE('',#4792,#2245);
#1941=LINE('',#4795,#2246);
#1942=LINE('',#4796,#2247);
#1943=LINE('',#4814,#2248);
#1944=LINE('',#4817,#2249);
#1945=LINE('',#4819,#2250);
#1946=LINE('',#4821,#2251);
#1947=LINE('',#4823,#2252);
#1948=LINE('',#4826,#2253);
#1949=LINE('',#4828,#2254);
#1950=LINE('',#4832,#2255);
#1951=LINE('',#4833,#2256);
#1952=LINE('',#4837,#2257);
#1953=LINE('',#4840,#2258);
#1954=LINE('',#4842,#2259);
#1955=LINE('',#4846,#2260);
#1956=LINE('',#4848,#2261);
#1957=LINE('',#4850,#2262);
#1958=LINE('',#4854,#2263);
#1959=LINE('',#4859,#2264);
#1960=LINE('',#4863,#2265);
#1961=LINE('',#4866,#2266);
#1962=LINE('',#4869,#2267);
#1963=LINE('',#4873,#2268);
#1964=LINE('',#4877,#2269);
#1965=LINE('',#4879,#2270);
#1966=LINE('',#4881,#2271);
#1967=LINE('',#4883,#2272);
#1968=LINE('',#4885,#2273);
#1969=LINE('',#4887,#2274);
#1970=LINE('',#4889,#2275);
#1971=LINE('',#4891,#2276);
#1972=LINE('',#4893,#2277);
#1973=LINE('',#4895,#2278);
#1974=LINE('',#4897,#2279);
#1975=LINE('',#4899,#2280);
#1976=LINE('',#4901,#2281);
#1977=LINE('',#4904,#2282);
#1978=LINE('',#4905,#2283);
#1979=LINE('',#4911,#2284);
#1980=LINE('',#4915,#2285);
#1981=LINE('',#4919,#2286);
#1982=LINE('',#4923,#2287);
#1983=LINE('',#4927,#2288);
#1984=LINE('',#4930,#2289);
#1985=LINE('',#4932,#2290);
#1986=LINE('',#4937,#2291);
#1987=LINE('',#4941,#2292);
#1988=LINE('',#4942,#2293);
#1989=LINE('',#4945,#2294);
#1990=LINE('',#4949,#2295);
#1991=LINE('',#4953,#2296);
#1992=LINE('',#4954,#2297);
#1993=LINE('',#4956,#2298);
#1994=LINE('',#4957,#2299);
#1995=LINE('',#4959,#2300);
#1996=LINE('',#4960,#2301);
#1997=VECTOR('',#3290,1000.);
#1998=VECTOR('',#3291,1000.);
#1999=VECTOR('',#3292,1000.);
#2000=VECTOR('',#3293,1000.);
#2001=VECTOR('',#3296,1000.);
#2002=VECTOR('',#3299,1000.);
#2003=VECTOR('',#3300,1000.);
#2004=VECTOR('',#3301,1000.);
#2005=VECTOR('',#3302,1000.);
#2006=VECTOR('',#3305,1000.);
#2007=VECTOR('',#3306,1000.);
#2008=VECTOR('',#3307,1000.);
#2009=VECTOR('',#3308,1000.);
#2010=VECTOR('',#3309,1000.);
#2011=VECTOR('',#3310,1000.);
#2012=VECTOR('',#3311,1000.);
#2013=VECTOR('',#3312,1000.);
#2014=VECTOR('',#3313,1000.);
#2015=VECTOR('',#3314,1000.);
#2016=VECTOR('',#3315,1000.);
#2017=VECTOR('',#3318,1000.);
#2018=VECTOR('',#3321,1000.);
#2019=VECTOR('',#3322,1000.);
#2020=VECTOR('',#3323,1000.);
#2021=VECTOR('',#3324,1000.);
#2022=VECTOR('',#3325,1000.);
#2023=VECTOR('',#3330,1000.);
#2024=VECTOR('',#3333,1000.);
#2025=VECTOR('',#3336,1000.);
#2026=VECTOR('',#3339,1000.);
#2027=VECTOR('',#3340,1000.);
#2028=VECTOR('',#3341,1000.);
#2029=VECTOR('',#3342,1000.);
#2030=VECTOR('',#3343,1000.);
#2031=VECTOR('',#3344,1000.);
#2032=VECTOR('',#3345,1000.);
#2033=VECTOR('',#3346,1000.);
#2034=VECTOR('',#3349,1000.);
#2035=VECTOR('',#3350,1000.);
#2036=VECTOR('',#3351,1000.);
#2037=VECTOR('',#3352,1000.);
#2038=VECTOR('',#3353,1000.);
#2039=VECTOR('',#3354,1000.);
#2040=VECTOR('',#3357,1000.);
#2041=VECTOR('',#3358,1000.);
#2042=VECTOR('',#3359,1000.);
#2043=VECTOR('',#3362,1000.);
#2044=VECTOR('',#3363,1000.);
#2045=VECTOR('',#3364,1000.);
#2046=VECTOR('',#3367,1000.);
#2047=VECTOR('',#3368,1000.);
#2048=VECTOR('',#3369,1000.);
#2049=VECTOR('',#3370,1000.);
#2050=VECTOR('',#3371,1000.);
#2051=VECTOR('',#3372,1000.);
#2052=VECTOR('',#3383,1000.);
#2053=VECTOR('',#3388,1000.);
#2054=VECTOR('',#3389,1000.);
#2055=VECTOR('',#3390,1000.);
#2056=VECTOR('',#3391,1000.);
#2057=VECTOR('',#3398,1000.);
#2058=VECTOR('',#3399,1000.);
#2059=VECTOR('',#3404,1000.);
#2060=VECTOR('',#3407,1000.);
#2061=VECTOR('',#3412,1000.);
#2062=VECTOR('',#3415,1000.);
#2063=VECTOR('',#3418,1000.);
#2064=VECTOR('',#3419,1000.);
#2065=VECTOR('',#3420,1000.);
#2066=VECTOR('',#3423,1000.);
#2067=VECTOR('',#3424,1000.);
#2068=VECTOR('',#3425,1000.);
#2069=VECTOR('',#3428,1000.);
#2070=VECTOR('',#3433,1000.);
#2071=VECTOR('',#3434,1000.);
#2072=VECTOR('',#3441,1000.);
#2073=VECTOR('',#3442,1000.);
#2074=VECTOR('',#3443,1000.);
#2075=VECTOR('',#3444,1000.);
#2076=VECTOR('',#3447,1000.);
#2077=VECTOR('',#3448,1000.);
#2078=VECTOR('',#3449,1000.);
#2079=VECTOR('',#3450,1000.);
#2080=VECTOR('',#3453,1000.);
#2081=VECTOR('',#3454,1000.);
#2082=VECTOR('',#3457,1000.);
#2083=VECTOR('',#3458,1000.);
#2084=VECTOR('',#3461,1000.);
#2085=VECTOR('',#3464,1000.);
#2086=VECTOR('',#3467,1000.);
#2087=VECTOR('',#3468,1000.);
#2088=VECTOR('',#3471,1000.);
#2089=VECTOR('',#3472,1000.);
#2090=VECTOR('',#3475,1000.);
#2091=VECTOR('',#3476,1000.);
#2092=VECTOR('',#3477,1000.);
#2093=VECTOR('',#3480,1000.);
#2094=VECTOR('',#3483,1000.);
#2095=VECTOR('',#3536,1000.);
#2096=VECTOR('',#3583,1000.);
#2097=VECTOR('',#3584,1000.);
#2098=VECTOR('',#3585,1000.);
#2099=VECTOR('',#3586,1000.);
#2100=VECTOR('',#3587,1000.);
#2101=VECTOR('',#3588,1000.);
#2102=VECTOR('',#3593,1000.);
#2103=VECTOR('',#3594,1000.);
#2104=VECTOR('',#3595,1000.);
#2105=VECTOR('',#3596,1000.);
#2106=VECTOR('',#3597,1000.);
#2107=VECTOR('',#3598,1000.);
#2108=VECTOR('',#3601,1000.);
#2109=VECTOR('',#3606,1000.);
#2110=VECTOR('',#3607,1000.);
#2111=VECTOR('',#3608,1000.);
#2112=VECTOR('',#3609,1000.);
#2113=VECTOR('',#3610,1000.);
#2114=VECTOR('',#3611,1000.);
#2115=VECTOR('',#3612,1000.);
#2116=VECTOR('',#3613,1000.);
#2117=VECTOR('',#3614,1000.);
#2118=VECTOR('',#3615,1000.);
#2119=VECTOR('',#3618,1000.);
#2120=VECTOR('',#3619,1000.);
#2121=VECTOR('',#3620,1000.);
#2122=VECTOR('',#3627,1000.);
#2123=VECTOR('',#3628,1000.);
#2124=VECTOR('',#3629,1000.);
#2125=VECTOR('',#3630,1000.);
#2126=VECTOR('',#3637,1000.);
#2127=VECTOR('',#3638,1000.);
#2128=VECTOR('',#3639,1000.);
#2129=VECTOR('',#3642,1000.);
#2130=VECTOR('',#3643,1000.);
#2131=VECTOR('',#3646,1000.);
#2132=VECTOR('',#3651,1000.);
#2133=VECTOR('',#3652,1000.);
#2134=VECTOR('',#3655,1000.);
#2135=VECTOR('',#3660,1000.);
#2136=VECTOR('',#3661,1000.);
#2137=VECTOR('',#3664,1000.);
#2138=VECTOR('',#3665,1000.);
#2139=VECTOR('',#3668,1000.);
#2140=VECTOR('',#3681,1000.);
#2141=VECTOR('',#3684,1000.);
#2142=VECTOR('',#3687,1000.);
#2143=VECTOR('',#3688,1000.);
#2144=VECTOR('',#3689,1000.);
#2145=VECTOR('',#3692,1000.);
#2146=VECTOR('',#3693,1000.);
#2147=VECTOR('',#3694,1000.);
#2148=VECTOR('',#3697,1000.);
#2149=VECTOR('',#3698,1000.);
#2150=VECTOR('',#3699,1000.);
#2151=VECTOR('',#3702,1000.);
#2152=VECTOR('',#3703,1000.);
#2153=VECTOR('',#3704,1000.);
#2154=VECTOR('',#3705,1000.);
#2155=VECTOR('',#3708,1000.);
#2156=VECTOR('',#3709,1000.);
#2157=VECTOR('',#3710,1000.);
#2158=VECTOR('',#3711,1000.);
#2159=VECTOR('',#3714,1000.);
#2160=VECTOR('',#3715,1000.);
#2161=VECTOR('',#3716,1000.);
#2162=VECTOR('',#3719,1000.);
#2163=VECTOR('',#3720,1000.);
#2164=VECTOR('',#3747,1000.);
#2165=VECTOR('',#3748,1000.);
#2166=VECTOR('',#3749,1000.);
#2167=VECTOR('',#3750,1000.);
#2168=VECTOR('',#3753,1000.);
#2169=VECTOR('',#3754,1000.);
#2170=VECTOR('',#3755,1000.);
#2171=VECTOR('',#3756,1000.);
#2172=VECTOR('',#3761,1000.);
#2173=VECTOR('',#3764,1000.);
#2174=VECTOR('',#3767,1000.);
#2175=VECTOR('',#3768,1000.);
#2176=VECTOR('',#3769,1000.);
#2177=VECTOR('',#3770,1000.);
#2178=VECTOR('',#3771,1000.);
#2179=VECTOR('',#3772,1000.);
#2180=VECTOR('',#3773,1000.);
#2181=VECTOR('',#3774,1000.);
#2182=VECTOR('',#3775,1000.);
#2183=VECTOR('',#3776,1000.);
#2184=VECTOR('',#3777,1000.);
#2185=VECTOR('',#3778,1000.);
#2186=VECTOR('',#3779,1000.);
#2187=VECTOR('',#3780,1000.);
#2188=VECTOR('',#3783,1000.);
#2189=VECTOR('',#3784,1000.);
#2190=VECTOR('',#3785,1000.);
#2191=VECTOR('',#3786,1000.);
#2192=VECTOR('',#3787,1000.);
#2193=VECTOR('',#3788,1000.);
#2194=VECTOR('',#3789,1000.);
#2195=VECTOR('',#3790,1000.);
#2196=VECTOR('',#3791,1000.);
#2197=VECTOR('',#3792,1000.);
#2198=VECTOR('',#3793,1000.);
#2199=VECTOR('',#3794,1000.);
#2200=VECTOR('',#3795,1000.);
#2201=VECTOR('',#3798,1000.);
#2202=VECTOR('',#3799,1000.);
#2203=VECTOR('',#3800,1000.);
#2204=VECTOR('',#3801,1000.);
#2205=VECTOR('',#3806,1000.);
#2206=VECTOR('',#3811,1000.);
#2207=VECTOR('',#3812,1000.);
#2208=VECTOR('',#3813,1000.);
#2209=VECTOR('',#3818,1000.);
#2210=VECTOR('',#3823,1000.);
#2211=VECTOR('',#3824,1000.);
#2212=VECTOR('',#3825,1000.);
#2213=VECTOR('',#3830,1000.);
#2214=VECTOR('',#3837,1000.);
#2215=VECTOR('',#3838,1000.);
#2216=VECTOR('',#3841,1000.);
#2217=VECTOR('',#3842,1000.);
#2218=VECTOR('',#3843,1000.);
#2219=VECTOR('',#3850,1000.);
#2220=VECTOR('',#3853,1000.);
#2221=VECTOR('',#3854,1000.);
#2222=VECTOR('',#3855,1000.);
#2223=VECTOR('',#3860,1000.);
#2224=VECTOR('',#3867,1000.);
#2225=VECTOR('',#3868,1000.);
#2226=VECTOR('',#3871,1000.);
#2227=VECTOR('',#3872,1000.);
#2228=VECTOR('',#3875,1000.);
#2229=VECTOR('',#3878,1000.);
#2230=VECTOR('',#3881,1000.);
#2231=VECTOR('',#3884,1000.);
#2232=VECTOR('',#3887,1000.);
#2233=VECTOR('',#3890,1000.);
#2234=VECTOR('',#3899,1000.);
#2235=VECTOR('',#3900,1000.);
#2236=VECTOR('',#3905,1000.);
#2237=VECTOR('',#3906,1000.);
#2238=VECTOR('',#3907,1000.);
#2239=VECTOR('',#3914,1000.);
#2240=VECTOR('',#3915,1000.);
#2241=VECTOR('',#3916,1000.);
#2242=VECTOR('',#3925,1000.);
#2243=VECTOR('',#3928,1000.);
#2244=VECTOR('',#3931,1000.);
#2245=VECTOR('',#3934,1000.);
#2246=VECTOR('',#3939,1000.);
#2247=VECTOR('',#3940,1000.);
#2248=VECTOR('',#3969,1000.);
#2249=VECTOR('',#3970,1000.);
#2250=VECTOR('',#3971,1000.);
#2251=VECTOR('',#3972,1000.);
#2252=VECTOR('',#3975,1000.);
#2253=VECTOR('',#3976,1000.);
#2254=VECTOR('',#3977,1000.);
#2255=VECTOR('',#3980,1000.);
#2256=VECTOR('',#3981,1000.);
#2257=VECTOR('',#3986,1000.);
#2258=VECTOR('',#3987,1000.);
#2259=VECTOR('',#3988,1000.);
#2260=VECTOR('',#3991,1000.);
#2261=VECTOR('',#3992,1000.);
#2262=VECTOR('',#3993,1000.);
#2263=VECTOR('',#3998,1000.);
#2264=VECTOR('',#4001,1000.);
#2265=VECTOR('',#4004,1000.);
#2266=VECTOR('',#4007,1000.);
#2267=VECTOR('',#4010,1000.);
#2268=VECTOR('',#4013,1000.);
#2269=VECTOR('',#4018,1000.);
#2270=VECTOR('',#4019,1000.);
#2271=VECTOR('',#4020,1000.);
#2272=VECTOR('',#4023,1000.);
#2273=VECTOR('',#4024,1000.);
#2274=VECTOR('',#4025,1000.);
#2275=VECTOR('',#4028,1000.);
#2276=VECTOR('',#4029,1000.);
#2277=VECTOR('',#4030,1000.);
#2278=VECTOR('',#4033,1000.);
#2279=VECTOR('',#4034,1000.);
#2280=VECTOR('',#4035,1000.);
#2281=VECTOR('',#4038,1000.);
#2282=VECTOR('',#4039,1000.);
#2283=VECTOR('',#4040,1000.);
#2284=VECTOR('',#4051,1000.);
#2285=VECTOR('',#4058,1000.);
#2286=VECTOR('',#4061,1000.);
#2287=VECTOR('',#4064,1000.);
#2288=VECTOR('',#4067,1000.);
#2289=VECTOR('',#4070,1000.);
#2290=VECTOR('',#4073,1000.);
#2291=VECTOR('',#4076,1000.);
#2292=VECTOR('',#4079,1000.);
#2293=VECTOR('',#4080,1000.);
#2294=VECTOR('',#4083,1000.);
#2295=VECTOR('',#4088,1000.);
#2296=VECTOR('',#4095,1000.);
#2297=VECTOR('',#4096,1000.);
#2298=VECTOR('',#4099,1000.);
#2299=VECTOR('',#4100,1000.);
#2300=VECTOR('',#4103,1000.);
#2301=VECTOR('',#4104,1000.);
#2302=EDGE_LOOP('',(#208,#209,#210,#211,#212,#213));
#2303=EDGE_LOOP('',(#214,#215,#216,#217));
#2304=EDGE_LOOP('',(#218,#219,#220,#221,#222,#223,#224,#225,#226,#227,#228,
#229));
#2305=EDGE_LOOP('',(#230,#231,#232,#233,#234,#235,#236,#237,#238));
#2306=EDGE_LOOP('',(#239));
#2307=EDGE_LOOP('',(#240,#241,#242,#243,#244,#245,#246,#247,#248,#249,#250,
#251,#252,#253,#254));
#2308=EDGE_LOOP('',(#255,#256,#257,#258,#259,#260,#261,#262));
#2309=EDGE_LOOP('',(#263,#264,#265,#266));
#2310=EDGE_LOOP('',(#267,#268,#269,#270));
#2311=EDGE_LOOP('',(#271,#272,#273,#274,#275,#276,#277,#278,#279,#280));
#2312=EDGE_LOOP('',(#281));
#2313=EDGE_LOOP('',(#282));
#2314=EDGE_LOOP('',(#283,#284));
#2315=EDGE_LOOP('',(#285));
#2316=EDGE_LOOP('',(#286,#287,#288,#289));
#2317=EDGE_LOOP('',(#290));
#2318=EDGE_LOOP('',(#291,#292,#293,#294,#295,#296,#297,#298,#299));
#2319=EDGE_LOOP('',(#300,#301,#302,#303));
#2320=EDGE_LOOP('',(#304,#305,#306,#307));
#2321=EDGE_LOOP('',(#308,#309,#310,#311,#312,#313));
#2322=EDGE_LOOP('',(#314,#315,#316,#317,#318));
#2323=EDGE_LOOP('',(#319,#320,#321,#322));
#2324=EDGE_LOOP('',(#323,#324));
#2325=EDGE_LOOP('',(#325,#326,#327,#328));
#2326=EDGE_LOOP('',(#329));
#2327=EDGE_LOOP('',(#330));
#2328=EDGE_LOOP('',(#331));
#2329=EDGE_LOOP('',(#332));
#2330=EDGE_LOOP('',(#333));
#2331=EDGE_LOOP('',(#334,#335,#336,#337,#338,#339,#340,#341,#342,#343,#344,
#345));
#2332=EDGE_LOOP('',(#346,#347,#348,#349,#350,#351));
#2333=EDGE_LOOP('',(#352,#353,#354,#355));
#2334=EDGE_LOOP('',(#356,#357,#358,#359));
#2335=EDGE_LOOP('',(#360,#361,#362,#363,#364,#365,#366,#367));
#2336=EDGE_LOOP('',(#368,#369,#370,#371));
#2337=EDGE_LOOP('',(#372,#373,#374,#375));
#2338=EDGE_LOOP('',(#376,#377,#378,#379));
#2339=EDGE_LOOP('',(#380,#381,#382,#383,#384,#385,#386,#387,#388,#389));
#2340=EDGE_LOOP('',(#390,#391,#392,#393));
#2341=EDGE_LOOP('',(#394,#395,#396,#397));
#2342=EDGE_LOOP('',(#398,#399,#400,#401));
#2343=EDGE_LOOP('',(#402,#403,#404,#405));
#2344=EDGE_LOOP('',(#406,#407,#408));
#2345=EDGE_LOOP('',(#409,#410,#411,#412));
#2346=EDGE_LOOP('',(#413,#414,#415,#416));
#2347=EDGE_LOOP('',(#417,#418,#419,#420));
#2348=EDGE_LOOP('',(#421,#422,#423,#424));
#2349=EDGE_LOOP('',(#425,#426,#427));
#2350=EDGE_LOOP('',(#428,#429,#430));
#2351=EDGE_LOOP('',(#431,#432,#433,#434));
#2352=EDGE_LOOP('',(#435,#436,#437,#438));
#2353=EDGE_LOOP('',(#439,#440,#441));
#2354=EDGE_LOOP('',(#442,#443,#444,#445));
#2355=EDGE_LOOP('',(#446,#447,#448,#449));
#2356=EDGE_LOOP('',(#450,#451,#452,#453));
#2357=EDGE_LOOP('',(#454,#455,#456,#457));
#2358=EDGE_LOOP('',(#458,#459,#460,#461));
#2359=EDGE_LOOP('',(#462));
#2360=EDGE_LOOP('',(#463));
#2361=EDGE_LOOP('',(#464));
#2362=EDGE_LOOP('',(#465));
#2363=EDGE_LOOP('',(#466));
#2364=EDGE_LOOP('',(#467));
#2365=EDGE_LOOP('',(#468));
#2366=EDGE_LOOP('',(#469));
#2367=EDGE_LOOP('',(#470));
#2368=EDGE_LOOP('',(#471));
#2369=EDGE_LOOP('',(#472));
#2370=EDGE_LOOP('',(#473));
#2371=EDGE_LOOP('',(#474));
#2372=EDGE_LOOP('',(#475));
#2373=EDGE_LOOP('',(#476));
#2374=EDGE_LOOP('',(#477));
#2375=EDGE_LOOP('',(#478,#479,#480,#481,#482,#483));
#2376=EDGE_LOOP('',(#484,#485,#486,#487,#488,#489,#490,#491,#492,#493));
#2377=EDGE_LOOP('',(#494));
#2378=EDGE_LOOP('',(#495,#496,#497,#498,#499,#500,#501,#502,#503,#504,#505,
#506));
#2379=EDGE_LOOP('',(#507,#508,#509,#510));
#2380=EDGE_LOOP('',(#511));
#2381=EDGE_LOOP('',(#512));
#2382=EDGE_LOOP('',(#513,#514,#515,#516,#517,#518));
#2383=EDGE_LOOP('',(#519));
#2384=EDGE_LOOP('',(#520,#521,#522,#523,#524,#525,#526,#527,#528,#529));
#2385=EDGE_LOOP('',(#530,#531,#532,#533));
#2386=EDGE_LOOP('',(#534,#535,#536,#537));
#2387=EDGE_LOOP('',(#538,#539,#540,#541));
#2388=EDGE_LOOP('',(#542,#543,#544,#545));
#2389=EDGE_LOOP('',(#546,#547,#548,#549));
#2390=EDGE_LOOP('',(#550,#551,#552,#553));
#2391=EDGE_LOOP('',(#554,#555,#556,#557));
#2392=EDGE_LOOP('',(#558,#559,#560,#561));
#2393=EDGE_LOOP('',(#562,#563,#564,#565));
#2394=EDGE_LOOP('',(#566,#567,#568,#569));
#2395=EDGE_LOOP('',(#570,#571,#572,#573));
#2396=EDGE_LOOP('',(#574,#575,#576,#577));
#2397=EDGE_LOOP('',(#578,#579,#580,#581));
#2398=EDGE_LOOP('',(#582,#583,#584,#585));
#2399=EDGE_LOOP('',(#586,#587,#588,#589));
#2400=EDGE_LOOP('',(#590,#591,#592,#593));
#2401=EDGE_LOOP('',(#594,#595,#596,#597));
#2402=EDGE_LOOP('',(#598,#599,#600,#601));
#2403=EDGE_LOOP('',(#602,#603,#604,#605));
#2404=EDGE_LOOP('',(#606,#607,#608,#609));
#2405=EDGE_LOOP('',(#610));
#2406=EDGE_LOOP('',(#611,#612,#613,#614,#615,#616,#617,#618,#619,#620));
#2407=EDGE_LOOP('',(#621));
#2408=EDGE_LOOP('',(#622,#623,#624,#625,#626,#627,#628,#629,#630,#631));
#2409=EDGE_LOOP('',(#632));
#2410=EDGE_LOOP('',(#633));
#2411=EDGE_LOOP('',(#634,#635,#636,#637));
#2412=EDGE_LOOP('',(#638,#639,#640,#641));
#2413=EDGE_LOOP('',(#642,#643,#644,#645));
#2414=EDGE_LOOP('',(#646,#647,#648,#649));
#2415=EDGE_LOOP('',(#650,#651,#652,#653));
#2416=EDGE_LOOP('',(#654,#655,#656,#657,#658,#659,#660,#661,#662,#663,#664,
#665,#666,#667,#668,#669));
#2417=EDGE_LOOP('',(#670,#671,#672,#673,#674,#675,#676,#677,#678,#679,#680,
#681,#682,#683,#684,#685));
#2418=EDGE_LOOP('',(#686,#687,#688,#689));
#2419=EDGE_LOOP('',(#690,#691,#692,#693));
#2420=EDGE_LOOP('',(#694,#695,#696,#697));
#2421=EDGE_LOOP('',(#698,#699,#700,#701));
#2422=EDGE_LOOP('',(#702,#703,#704,#705));
#2423=EDGE_LOOP('',(#706,#707,#708,#709));
#2424=EDGE_LOOP('',(#710));
#2425=EDGE_LOOP('',(#711,#712,#713,#714));
#2426=EDGE_LOOP('',(#715,#716,#717,#718));
#2427=EDGE_LOOP('',(#719,#720,#721,#722));
#2428=EDGE_LOOP('',(#723,#724,#725,#726));
#2429=EDGE_LOOP('',(#727,#728,#729,#730));
#2430=EDGE_LOOP('',(#731));
#2431=EDGE_LOOP('',(#732,#733,#734,#735));
#2432=EDGE_LOOP('',(#736,#737,#738,#739));
#2433=EDGE_LOOP('',(#740,#741,#742,#743));
#2434=EDGE_LOOP('',(#744,#745,#746,#747));
#2435=EDGE_LOOP('',(#748,#749,#750,#751));
#2436=EDGE_LOOP('',(#752,#753,#754,#755));
#2437=EDGE_LOOP('',(#756,#757,#758,#759,#760,#761,#762,#763,#764,#765,#766,
#767,#768,#769));
#2438=EDGE_LOOP('',(#770,#771,#772,#773,#774,#775,#776,#777,#778,#779,#780,
#781,#782,#783));
#2439=EDGE_LOOP('',(#784,#785,#786,#787));
#2440=EDGE_LOOP('',(#788,#789,#790,#791));
#2441=EDGE_LOOP('',(#792,#793,#794,#795));
#2442=EDGE_LOOP('',(#796,#797,#798,#799));
#2443=EDGE_LOOP('',(#800,#801,#802,#803));
#2444=EDGE_LOOP('',(#804,#805,#806,#807,#808,#809,#810,#811));
#2445=EDGE_LOOP('',(#812,#813,#814,#815,#816,#817,#818,#819));
#2446=EDGE_LOOP('',(#820,#821,#822,#823,#824,#825));
#2447=EDGE_LOOP('',(#826,#827,#828,#829,#830,#831));
#2448=EDGE_LOOP('',(#832,#833,#834,#835));
#2449=EDGE_LOOP('',(#836,#837,#838,#839));
#2450=EDGE_LOOP('',(#840,#841,#842,#843));
#2451=EDGE_LOOP('',(#844,#845,#846,#847));
#2452=EDGE_LOOP('',(#848,#849,#850,#851));
#2453=EDGE_LOOP('',(#852));
#2454=EDGE_LOOP('',(#853));
#2455=EDGE_LOOP('',(#854));
#2456=EDGE_LOOP('',(#855));
#2457=EDGE_LOOP('',(#856));
#2458=EDGE_LOOP('',(#857));
#2459=EDGE_LOOP('',(#858));
#2460=EDGE_LOOP('',(#859));
#2461=EDGE_LOOP('',(#860,#861,#862,#863));
#2462=EDGE_LOOP('',(#864,#865,#866,#867,#868,#869,#870,#871));
#2463=EDGE_LOOP('',(#872,#873,#874,#875,#876,#877,#878,#879));
#2464=EDGE_LOOP('',(#880,#881,#882,#883,#884,#885,#886,#887,#888,#889,#890,
#891,#892,#893));
#2465=EDGE_LOOP('',(#894,#895,#896,#897));
#2466=EDGE_LOOP('',(#898,#899,#900,#901));
#2467=EDGE_LOOP('',(#902,#903,#904,#905));
#2468=EDGE_LOOP('',(#906,#907,#908,#909));
#2469=EDGE_LOOP('',(#910,#911,#912,#913));
#2470=EDGE_LOOP('',(#914,#915,#916,#917,#918,#919,#920,#921,#922,#923,#924,
#925,#926,#927));
#2471=EDGE_LOOP('',(#928,#929,#930,#931,#932,#933,#934,#935,#936,#937,#938,
#939));
#2472=EDGE_LOOP('',(#940,#941,#942,#943,#944,#945,#946,#947,#948,#949,#950,
#951));
#2473=EDGE_LOOP('',(#952,#953,#954,#955));
#2474=EDGE_LOOP('',(#956,#957,#958,#959));
#2475=EDGE_LOOP('',(#960,#961,#962,#963));
#2476=EDGE_LOOP('',(#964,#965,#966,#967));
#2477=EDGE_LOOP('',(#968,#969,#970,#971));
#2478=EDGE_LOOP('',(#972,#973,#974,#975));
#2479=EDGE_LOOP('',(#976,#977,#978,#979));
#2480=EDGE_LOOP('',(#980,#981,#982,#983));
#2481=EDGE_LOOP('',(#984,#985,#986,#987));
#2482=EDGE_LOOP('',(#988,#989,#990,#991));
#2483=EDGE_LOOP('',(#992,#993,#994,#995));
#2484=EDGE_LOOP('',(#996,#997,#998,#999));
#2485=EDGE_LOOP('',(#1000,#1001,#1002,#1003));
#2486=EDGE_LOOP('',(#1004,#1005,#1006,#1007));
#2487=EDGE_LOOP('',(#1008,#1009,#1010,#1011));
#2488=EDGE_LOOP('',(#1012,#1013,#1014,#1015));
#2489=FACE_BOUND('',#2302,.T.);
#2490=FACE_BOUND('',#2303,.T.);
#2491=FACE_BOUND('',#2304,.T.);
#2492=FACE_BOUND('',#2305,.T.);
#2493=FACE_BOUND('',#2306,.T.);
#2494=FACE_BOUND('',#2307,.T.);
#2495=FACE_BOUND('',#2308,.T.);
#2496=FACE_BOUND('',#2309,.T.);
#2497=FACE_BOUND('',#2310,.T.);
#2498=FACE_BOUND('',#2311,.T.);
#2499=FACE_BOUND('',#2312,.T.);
#2500=FACE_BOUND('',#2313,.T.);
#2501=FACE_BOUND('',#2314,.T.);
#2502=FACE_BOUND('',#2315,.T.);
#2503=FACE_BOUND('',#2316,.T.);
#2504=FACE_BOUND('',#2317,.T.);
#2505=FACE_BOUND('',#2318,.T.);
#2506=FACE_BOUND('',#2319,.T.);
#2507=FACE_BOUND('',#2320,.T.);
#2508=FACE_BOUND('',#2321,.T.);
#2509=FACE_BOUND('',#2322,.T.);
#2510=FACE_BOUND('',#2323,.T.);
#2511=FACE_BOUND('',#2324,.T.);
#2512=FACE_BOUND('',#2325,.T.);
#2513=FACE_BOUND('',#2326,.T.);
#2514=FACE_BOUND('',#2327,.T.);
#2515=FACE_BOUND('',#2328,.T.);
#2516=FACE_BOUND('',#2329,.T.);
#2517=FACE_BOUND('',#2330,.T.);
#2518=FACE_BOUND('',#2331,.T.);
#2519=FACE_BOUND('',#2332,.T.);
#2520=FACE_BOUND('',#2333,.T.);
#2521=FACE_BOUND('',#2334,.T.);
#2522=FACE_BOUND('',#2335,.T.);
#2523=FACE_BOUND('',#2336,.T.);
#2524=FACE_BOUND('',#2337,.T.);
#2525=FACE_BOUND('',#2338,.T.);
#2526=FACE_BOUND('',#2339,.T.);
#2527=FACE_BOUND('',#2340,.T.);
#2528=FACE_BOUND('',#2341,.T.);
#2529=FACE_BOUND('',#2342,.T.);
#2530=FACE_BOUND('',#2343,.T.);
#2531=FACE_BOUND('',#2344,.T.);
#2532=FACE_BOUND('',#2345,.T.);
#2533=FACE_BOUND('',#2346,.T.);
#2534=FACE_BOUND('',#2347,.T.);
#2535=FACE_BOUND('',#2348,.T.);
#2536=FACE_BOUND('',#2349,.T.);
#2537=FACE_BOUND('',#2350,.T.);
#2538=FACE_BOUND('',#2351,.T.);
#2539=FACE_BOUND('',#2352,.T.);
#2540=FACE_BOUND('',#2353,.T.);
#2541=FACE_BOUND('',#2354,.T.);
#2542=FACE_BOUND('',#2355,.T.);
#2543=FACE_BOUND('',#2356,.T.);
#2544=FACE_BOUND('',#2357,.T.);
#2545=FACE_BOUND('',#2358,.T.);
#2546=FACE_BOUND('',#2359,.T.);
#2547=FACE_BOUND('',#2360,.T.);
#2548=FACE_BOUND('',#2361,.T.);
#2549=FACE_BOUND('',#2362,.T.);
#2550=FACE_BOUND('',#2363,.T.);
#2551=FACE_BOUND('',#2364,.T.);
#2552=FACE_BOUND('',#2365,.T.);
#2553=FACE_BOUND('',#2366,.T.);
#2554=FACE_BOUND('',#2367,.T.);
#2555=FACE_BOUND('',#2368,.T.);
#2556=FACE_BOUND('',#2369,.T.);
#2557=FACE_BOUND('',#2370,.T.);
#2558=FACE_BOUND('',#2371,.T.);
#2559=FACE_BOUND('',#2372,.T.);
#2560=FACE_BOUND('',#2373,.T.);
#2561=FACE_BOUND('',#33,.T.);
#2562=FACE_BOUND('',#2374,.T.);
#2563=FACE_BOUND('',#2375,.T.);
#2564=FACE_BOUND('',#2376,.T.);
#2565=FACE_BOUND('',#2377,.T.);
#2566=FACE_BOUND('',#2378,.T.);
#2567=FACE_BOUND('',#2379,.T.);
#2568=FACE_BOUND('',#2380,.T.);
#2569=FACE_BOUND('',#2381,.T.);
#2570=FACE_BOUND('',#2382,.T.);
#2571=FACE_BOUND('',#2383,.T.);
#2572=FACE_BOUND('',#2384,.T.);
#2573=FACE_BOUND('',#2385,.T.);
#2574=FACE_BOUND('',#2386,.T.);
#2575=FACE_BOUND('',#2387,.T.);
#2576=FACE_BOUND('',#2388,.T.);
#2577=FACE_BOUND('',#2389,.T.);
#2578=FACE_BOUND('',#2390,.T.);
#2579=FACE_BOUND('',#2391,.T.);
#2580=FACE_BOUND('',#2392,.T.);
#2581=FACE_BOUND('',#2393,.T.);
#2582=FACE_BOUND('',#2394,.T.);
#2583=FACE_BOUND('',#2395,.T.);
#2584=FACE_BOUND('',#2396,.T.);
#2585=FACE_BOUND('',#2397,.T.);
#2586=FACE_BOUND('',#2398,.T.);
#2587=FACE_BOUND('',#2399,.T.);
#2588=FACE_BOUND('',#2400,.T.);
#2589=FACE_BOUND('',#2401,.T.);
#2590=FACE_BOUND('',#2402,.T.);
#2591=FACE_BOUND('',#2403,.T.);
#2592=FACE_BOUND('',#2404,.T.);
#2593=FACE_BOUND('',#2405,.T.);
#2594=FACE_BOUND('',#2406,.T.);
#2595=FACE_BOUND('',#2407,.T.);
#2596=FACE_BOUND('',#2408,.T.);
#2597=FACE_BOUND('',#2409,.T.);
#2598=FACE_BOUND('',#2410,.T.);
#2599=FACE_BOUND('',#2411,.T.);
#2600=FACE_BOUND('',#2412,.T.);
#2601=FACE_BOUND('',#2413,.T.);
#2602=FACE_BOUND('',#2414,.T.);
#2603=FACE_BOUND('',#2415,.T.);
#2604=FACE_BOUND('',#2416,.T.);
#2605=FACE_BOUND('',#2417,.T.);
#2606=FACE_BOUND('',#2418,.T.);
#2607=FACE_BOUND('',#2419,.T.);
#2608=FACE_BOUND('',#2420,.T.);
#2609=FACE_BOUND('',#2421,.T.);
#2610=FACE_BOUND('',#2422,.T.);
#2611=FACE_BOUND('',#2423,.T.);
#2612=FACE_BOUND('',#2424,.T.);
#2613=FACE_BOUND('',#2425,.T.);
#2614=FACE_BOUND('',#2426,.T.);
#2615=FACE_BOUND('',#2427,.T.);
#2616=FACE_BOUND('',#2428,.T.);
#2617=FACE_BOUND('',#2429,.T.);
#2618=FACE_BOUND('',#2430,.T.);
#2619=FACE_BOUND('',#2431,.T.);
#2620=FACE_BOUND('',#2432,.T.);
#2621=FACE_BOUND('',#2433,.T.);
#2622=FACE_BOUND('',#2434,.T.);
#2623=FACE_BOUND('',#2435,.T.);
#2624=FACE_BOUND('',#2436,.T.);
#2625=FACE_BOUND('',#2437,.T.);
#2626=FACE_BOUND('',#2438,.T.);
#2627=FACE_BOUND('',#2439,.T.);
#2628=FACE_BOUND('',#2440,.T.);
#2629=FACE_BOUND('',#2441,.T.);
#2630=FACE_BOUND('',#2442,.T.);
#2631=FACE_BOUND('',#2443,.T.);
#2632=FACE_BOUND('',#2444,.T.);
#2633=FACE_BOUND('',#2445,.T.);
#2634=FACE_BOUND('',#2446,.T.);
#2635=FACE_BOUND('',#2447,.T.);
#2636=FACE_BOUND('',#2448,.T.);
#2637=FACE_BOUND('',#2449,.T.);
#2638=FACE_BOUND('',#2450,.T.);
#2639=FACE_BOUND('',#2451,.T.);
#2640=FACE_BOUND('',#2452,.T.);
#2641=FACE_BOUND('',#2453,.T.);
#2642=FACE_BOUND('',#2454,.T.);
#2643=FACE_BOUND('',#2455,.T.);
#2644=FACE_BOUND('',#2456,.T.);
#2645=FACE_BOUND('',#2457,.T.);
#2646=FACE_BOUND('',#2458,.T.);
#2647=FACE_BOUND('',#2459,.T.);
#2648=FACE_BOUND('',#2460,.T.);
#2649=FACE_BOUND('',#2461,.T.);
#2650=FACE_BOUND('',#2462,.T.);
#2651=FACE_BOUND('',#2463,.T.);
#2652=FACE_BOUND('',#2464,.T.);
#2653=FACE_BOUND('',#2465,.T.);
#2654=FACE_BOUND('',#2466,.T.);
#2655=FACE_BOUND('',#2467,.T.);
#2656=FACE_BOUND('',#2468,.T.);
#2657=FACE_BOUND('',#2469,.T.);
#2658=FACE_BOUND('',#2470,.T.);
#2659=FACE_BOUND('',#2471,.T.);
#2660=FACE_BOUND('',#2472,.T.);
#2661=FACE_BOUND('',#2473,.T.);
#2662=FACE_BOUND('',#2474,.T.);
#2663=FACE_BOUND('',#2475,.T.);
#2664=FACE_BOUND('',#2476,.T.);
#2665=FACE_BOUND('',#2477,.T.);
#2666=FACE_BOUND('',#2478,.T.);
#2667=FACE_BOUND('',#2479,.T.);
#2668=FACE_BOUND('',#2480,.T.);
#2669=FACE_BOUND('',#2481,.T.);
#2670=FACE_BOUND('',#2482,.T.);
#2671=FACE_BOUND('',#2483,.T.);
#2672=FACE_BOUND('',#2484,.T.);
#2673=FACE_BOUND('',#2485,.T.);
#2674=FACE_BOUND('',#2486,.T.);
#2675=FACE_BOUND('',#2487,.T.);
#2676=FACE_BOUND('',#2488,.T.);
#2677=PLANE('',#3019);
#2678=PLANE('',#3021);
#2679=PLANE('',#3022);
#2680=PLANE('',#3023);
#2681=PLANE('',#3025);
#2682=PLANE('',#3030);
#2683=PLANE('',#3031);
#2684=PLANE('',#3032);
#2685=PLANE('',#3033);
#2686=PLANE('',#3034);
#2687=PLANE('',#3037);
#2688=PLANE('',#3040);
#2689=PLANE('',#3046);
#2690=PLANE('',#3048);
#2691=PLANE('',#3050);
#2692=PLANE('',#3051);
#2693=PLANE('',#3052);
#2694=PLANE('',#3053);
#2695=PLANE('',#3057);
#2696=PLANE('',#3058);
#2697=PLANE('',#3059);
#2698=PLANE('',#3060);
#2699=PLANE('',#3061);
#2700=PLANE('',#3062);
#2701=PLANE('',#3063);
#2702=PLANE('',#3064);
#2703=PLANE('',#3065);
#2704=PLANE('',#3066);
#2705=PLANE('',#3067);
#2706=PLANE('',#3068);
#2707=PLANE('',#3093);
#2708=PLANE('',#3094);
#2709=PLANE('',#3095);
#2710=PLANE('',#3096);
#2711=PLANE('',#3101);
#2712=PLANE('',#3105);
#2713=PLANE('',#3109);
#2714=PLANE('',#3116);
#2715=PLANE('',#3117);
#2716=PLANE('',#3121);
#2717=PLANE('',#3122);
#2718=PLANE('',#3125);
#2719=PLANE('',#3126);
#2720=PLANE('',#3129);
#2721=PLANE('',#3130);
#2722=PLANE('',#3131);
#2723=PLANE('',#3132);
#2724=PLANE('',#3133);
#2725=PLANE('',#3134);
#2726=PLANE('',#3135);
#2727=PLANE('',#3136);
#2728=PLANE('',#3137);
#2729=PLANE('',#3138);
#2730=PLANE('',#3145);
#2731=PLANE('',#3146);
#2732=PLANE('',#3147);
#2733=PLANE('',#3148);
#2734=PLANE('',#3149);
#2735=PLANE('',#3150);
#2736=PLANE('',#3151);
#2737=PLANE('',#3152);
#2738=PLANE('',#3156);
#2739=PLANE('',#3164);
#2740=PLANE('',#3165);
#2741=PLANE('',#3169);
#2742=PLANE('',#3170);
#2743=PLANE('',#3171);
#2744=PLANE('',#3175);
#2745=PLANE('',#3179);
#2746=PLANE('',#3183);
#2747=PLANE('',#3185);
#2748=PLANE('',#3189);
#2749=PLANE('',#3193);
#2750=PLANE('',#3195);
#2751=PLANE('',#3196);
#2752=PLANE('',#3197);
#2753=PLANE('',#3198);
#2754=PLANE('',#3199);
#2755=PLANE('',#3200);
#2756=PLANE('',#3201);
#2757=PLANE('',#3202);
#2758=PLANE('',#3203);
#2759=PLANE('',#3204);
#2760=PLANE('',#3205);
#2761=PLANE('',#3206);
#2762=PLANE('',#3207);
#2763=PLANE('',#3210);
#2764=PLANE('',#3213);
#2765=PLANE('',#3216);
#2766=PLANE('',#3219);
#2767=PLANE('',#3224);
#2768=PLANE('',#3226);
#2769=PLANE('',#3233);
#2770=PLANE('',#3234);
#2771=PLANE('',#3237);
#2772=PLANE('',#3240);
#2773=PLANE('',#3247);
#2774=PLANE('',#3248);
#2775=PLANE('',#3249);
#2776=PLANE('',#3250);
#2777=PLANE('',#3251);
#2778=PLANE('',#3252);
#2779=PLANE('',#3259);
#2780=PLANE('',#3264);
#2781=PLANE('',#3269);
#2782=PLANE('',#3272);
#2783=PLANE('',#3273);
#2784=PLANE('',#3274);
#2785=ADVANCED_FACE('',(#2489),#2677,.T.);
#2786=ADVANCED_FACE('',(#2490),#2678,.F.);
#2787=ADVANCED_FACE('',(#2491),#2679,.F.);
#2788=ADVANCED_FACE('',(#2492),#2680,.F.);
#2789=ADVANCED_FACE('',(#2493,#2494),#2681,.F.);
#2790=ADVANCED_FACE('',(#2495),#2682,.T.);
#2791=ADVANCED_FACE('',(#2496),#2683,.T.);
#2792=ADVANCED_FACE('',(#2497),#2684,.F.);
#2793=ADVANCED_FACE('',(#2498),#2685,.T.);
#2794=ADVANCED_FACE('',(#2499,#2500),#2686,.F.);
#2795=ADVANCED_FACE('',(#2501,#2502),#2687,.F.);
#2796=ADVANCED_FACE('',(#2503,#2504),#2688,.F.);
#2797=ADVANCED_FACE('',(#2505),#76,.T.);
#2798=ADVANCED_FACE('',(#2506),#2689,.T.);
#2799=ADVANCED_FACE('',(#2507),#2690,.T.);
#2800=ADVANCED_FACE('',(#2508),#2691,.T.);
#2801=ADVANCED_FACE('',(#2509),#2692,.T.);
#2802=ADVANCED_FACE('',(#2510),#2693,.T.);
#2803=ADVANCED_FACE('',(#2511),#2694,.F.);
#2804=ADVANCED_FACE('',(#2512,#2513),#77,.F.);
#2805=ADVANCED_FACE('',(#2514,#2515),#78,.F.);
#2806=ADVANCED_FACE('',(#2516,#2517),#79,.F.);
#2807=ADVANCED_FACE('',(#2518),#2695,.T.);
#2808=ADVANCED_FACE('',(#2519),#2696,.T.);
#2809=ADVANCED_FACE('',(#2520),#2697,.T.);
#2810=ADVANCED_FACE('',(#2521),#2698,.F.);
#2811=ADVANCED_FACE('',(#2522),#2699,.F.);
#2812=ADVANCED_FACE('',(#2523),#2700,.F.);
#2813=ADVANCED_FACE('',(#2524),#2701,.F.);
#2814=ADVANCED_FACE('',(#2525),#2702,.F.);
#2815=ADVANCED_FACE('',(#2526),#2703,.F.);
#2816=ADVANCED_FACE('',(#2527),#2704,.T.);
#2817=ADVANCED_FACE('',(#2528),#2705,.T.);
#2818=ADVANCED_FACE('',(#2529),#2706,.F.);
#2819=ADVANCED_FACE('',(#2530),#80,.T.);
#2820=ADVANCED_FACE('',(#2531),#71,.T.);
#2821=ADVANCED_FACE('',(#2532),#81,.T.);
#2822=ADVANCED_FACE('',(#2533),#82,.T.);
#2823=ADVANCED_FACE('',(#2534),#83,.T.);
#2824=ADVANCED_FACE('',(#2535),#84,.T.);
#2825=ADVANCED_FACE('',(#2536),#72,.T.);
#2826=ADVANCED_FACE('',(#2537),#73,.T.);
#2827=ADVANCED_FACE('',(#2538),#85,.T.);
#2828=ADVANCED_FACE('',(#2539),#86,.T.);
#2829=ADVANCED_FACE('',(#2540),#74,.T.);
#2830=ADVANCED_FACE('',(#2541),#87,.T.);
#2831=ADVANCED_FACE('',(#2542),#2707,.F.);
#2832=ADVANCED_FACE('',(#2543),#2708,.T.);
#2833=ADVANCED_FACE('',(#2544),#2709,.T.);
#2834=ADVANCED_FACE('',(#2545),#2710,.T.);
#2835=ADVANCED_FACE('',(#2546,#2547),#88,.T.);
#2836=ADVANCED_FACE('',(#2548,#2549),#2711,.T.);
#2837=ADVANCED_FACE('',(#2550,#2551),#89,.T.);
#2838=ADVANCED_FACE('',(#2552,#2553),#2712,.T.);
#2839=ADVANCED_FACE('',(#2554,#2555),#90,.T.);
#2840=ADVANCED_FACE('',(#2556,#2557),#2713,.T.);
#2841=ADVANCED_FACE('',(#2558),#75,.T.);
#2842=ADVANCED_FACE('',(#2559,#2560),#91,.F.);
#2843=ADVANCED_FACE('',(#2561,#2562),#34,.F.);
#2844=ADVANCED_FACE('',(#2563),#2714,.T.);
#2845=ADVANCED_FACE('',(#2564,#2565),#2715,.T.);
#2846=ADVANCED_FACE('',(#2566),#2716,.T.);
#2847=ADVANCED_FACE('',(#2567),#2717,.T.);
#2848=ADVANCED_FACE('',(#2568,#2569),#92,.F.);
#2849=ADVANCED_FACE('',(#2570),#2718,.T.);
#2850=ADVANCED_FACE('',(#2571,#2572),#2719,.F.);
#2851=ADVANCED_FACE('',(#2573),#2720,.T.);
#2852=ADVANCED_FACE('',(#2574),#2721,.T.);
#2853=ADVANCED_FACE('',(#2575),#2722,.F.);
#2854=ADVANCED_FACE('',(#2576),#2723,.T.);
#2855=ADVANCED_FACE('',(#2577),#2724,.T.);
#2856=ADVANCED_FACE('',(#2578),#2725,.F.);
#2857=ADVANCED_FACE('',(#2579),#2726,.T.);
#2858=ADVANCED_FACE('',(#2580),#2727,.T.);
#2859=ADVANCED_FACE('',(#2581),#2728,.T.);
#2860=ADVANCED_FACE('',(#2582),#2729,.F.);
#2861=ADVANCED_FACE('',(#2583),#93,.T.);
#2862=ADVANCED_FACE('',(#2584),#94,.T.);
#2863=ADVANCED_FACE('',(#2585),#95,.T.);
#2864=ADVANCED_FACE('',(#2586),#2730,.F.);
#2865=ADVANCED_FACE('',(#2587),#2731,.F.);
#2866=ADVANCED_FACE('',(#2588),#2732,.F.);
#2867=ADVANCED_FACE('',(#2589),#2733,.F.);
#2868=ADVANCED_FACE('',(#2590),#2734,.F.);
#2869=ADVANCED_FACE('',(#2591),#2735,.F.);
#2870=ADVANCED_FACE('',(#2592),#2736,.F.);
#2871=ADVANCED_FACE('',(#2593,#2594),#2737,.T.);
#2872=ADVANCED_FACE('',(#2595,#2596),#2738,.F.);
#2873=ADVANCED_FACE('',(#2597,#2598),#96,.F.);
#2874=ADVANCED_FACE('',(#2599),#97,.T.);
#2875=ADVANCED_FACE('',(#2600),#98,.T.);
#2876=ADVANCED_FACE('',(#2601),#2739,.F.);
#2877=ADVANCED_FACE('',(#2602),#2740,.T.);
#2878=ADVANCED_FACE('',(#2603),#99,.T.);
#2879=ADVANCED_FACE('',(#2604),#2741,.F.);
#2880=ADVANCED_FACE('',(#2605),#2742,.T.);
#2881=ADVANCED_FACE('',(#2606),#2743,.T.);
#2882=ADVANCED_FACE('',(#2607),#100,.F.);
#2883=ADVANCED_FACE('',(#2608),#2744,.T.);
#2884=ADVANCED_FACE('',(#2609),#101,.F.);
#2885=ADVANCED_FACE('',(#2610),#2745,.T.);
#2886=ADVANCED_FACE('',(#2611),#102,.T.);
#2887=ADVANCED_FACE('',(#2612,#2613),#2746,.T.);
#2888=ADVANCED_FACE('',(#2614),#2747,.F.);
#2889=ADVANCED_FACE('',(#2615),#103,.T.);
#2890=ADVANCED_FACE('',(#2616),#2748,.F.);
#2891=ADVANCED_FACE('',(#2617),#104,.F.);
#2892=ADVANCED_FACE('',(#2618,#2619),#2749,.F.);
#2893=ADVANCED_FACE('',(#2620),#2750,.T.);
#2894=ADVANCED_FACE('',(#2621),#2751,.T.);
#2895=ADVANCED_FACE('',(#2622),#2752,.T.);
#2896=ADVANCED_FACE('',(#2623),#2753,.T.);
#2897=ADVANCED_FACE('',(#2624),#2754,.T.);
#2898=ADVANCED_FACE('',(#2625),#2755,.T.);
#2899=ADVANCED_FACE('',(#2626),#2756,.T.);
#2900=ADVANCED_FACE('',(#2627),#2757,.T.);
#2901=ADVANCED_FACE('',(#2628),#2758,.T.);
#2902=ADVANCED_FACE('',(#2629),#2759,.F.);
#2903=ADVANCED_FACE('',(#2630),#2760,.F.);
#2904=ADVANCED_FACE('',(#2631),#2761,.F.);
#2905=ADVANCED_FACE('',(#2632),#2762,.T.);
#2906=ADVANCED_FACE('',(#2633),#2763,.T.);
#2907=ADVANCED_FACE('',(#2634),#2764,.T.);
#2908=ADVANCED_FACE('',(#2635),#2765,.F.);
#2909=ADVANCED_FACE('',(#2636),#2766,.F.);
#2910=ADVANCED_FACE('',(#2637),#105,.T.);
#2911=ADVANCED_FACE('',(#2638),#106,.F.);
#2912=ADVANCED_FACE('',(#2639),#107,.T.);
#2913=ADVANCED_FACE('',(#2640),#108,.T.);
#2914=ADVANCED_FACE('',(#2641),#2767,.F.);
#2915=ADVANCED_FACE('',(#2642),#2768,.T.);
#2916=ADVANCED_FACE('',(#2643,#2644),#18,.T.);
#2917=ADVANCED_FACE('',(#2645,#2646),#19,.T.);
#2918=ADVANCED_FACE('',(#2647,#2648),#20,.F.);
#2919=ADVANCED_FACE('',(#2649),#2769,.F.);
#2920=ADVANCED_FACE('',(#2650),#2770,.T.);
#2921=ADVANCED_FACE('',(#2651),#2771,.T.);
#2922=ADVANCED_FACE('',(#2652),#2772,.F.);
#2923=ADVANCED_FACE('',(#2653),#2773,.T.);
#2924=ADVANCED_FACE('',(#2654),#2774,.T.);
#2925=ADVANCED_FACE('',(#2655),#2775,.T.);
#2926=ADVANCED_FACE('',(#2656),#2776,.T.);
#2927=ADVANCED_FACE('',(#2657),#2777,.T.);
#2928=ADVANCED_FACE('',(#2658),#2778,.T.);
#2929=ADVANCED_FACE('',(#2659),#2779,.T.);
#2930=ADVANCED_FACE('',(#2660),#2780,.F.);
#2931=ADVANCED_FACE('',(#2661),#2781,.F.);
#2932=ADVANCED_FACE('',(#2662),#109,.T.);
#2933=ADVANCED_FACE('',(#2663),#110,.F.);
#2934=ADVANCED_FACE('',(#2664),#2782,.T.);
#2935=ADVANCED_FACE('',(#2665),#2783,.T.);
#2936=ADVANCED_FACE('',(#2666),#2784,.T.);
#2937=ADVANCED_FACE('',(#2667),#111,.T.);
#2938=ADVANCED_FACE('',(#2668),#112,.T.);
#2939=ADVANCED_FACE('',(#2669),#113,.T.);
#2940=ADVANCED_FACE('',(#2670),#114,.T.);
#2941=ADVANCED_FACE('',(#2671),#115,.F.);
#2942=ADVANCED_FACE('',(#2672),#116,.F.);
#2943=ADVANCED_FACE('',(#2673),#117,.F.);
#2944=ADVANCED_FACE('',(#2674),#118,.T.);
#2945=ADVANCED_FACE('',(#2675),#119,.T.);
#2946=ADVANCED_FACE('',(#2676),#120,.F.);
#2947=CLOSED_SHELL('',(#2785,#2786,#2787,#2788,#2789,#2790,#2791,#2792,
#2793,#2794,#2795,#2796,#2797,#2798,#2799,#2800,#2801,#2802,#2803,#2804,
#2805,#2806,#2807,#2808,#2809,#2810,#2811,#2812,#2813,#2814,#2815,#2816,
#2817,#2818,#2819,#2820,#2821,#2822,#2823,#2824,#2825,#2826,#2827,#2828,
#2829,#2830,#2831,#2832,#2833,#2834));
#2948=CLOSED_SHELL('',(#2835,#2836,#2837,#2838,#2839,#2840,#2841,#2842,
#2843));
#2949=CLOSED_SHELL('',(#2844,#2845,#2846,#2847,#2848,#2849,#2850,#2851,
#2852,#2853,#2854,#2855,#2856,#2857,#2858,#2859,#2860,#2861,#2862));
#2950=CLOSED_SHELL('',(#2863,#2864,#2865,#2866,#2867,#2868,#2869,#2870,
#2871,#2872,#2873,#2874,#2875));
#2951=CLOSED_SHELL('',(#2876,#2877,#2878,#2879,#2880,#2881,#2882,#2883,
#2884,#2885,#2886,#2887,#2888,#2889,#2890,#2891,#2892,#2893,#2894,#2895,
#2896,#2897,#2898,#2899,#2900,#2901,#2902,#2903,#2904,#2905,#2906,#2907,
#2908,#2909,#2910,#2911,#2912,#2913,#2914,#2915,#2916,#2917,#2918));
#2952=CLOSED_SHELL('',(#2919,#2920,#2921,#2922,#2923,#2924,#2925,#2926,
#2927,#2928,#2929,#2930,#2931,#2932,#2933,#2934,#2935,#2936,#2937,#2938,
#2939,#2940,#2941,#2942,#2943,#2944,#2945,#2946));
#2953=STYLED_ITEM('',(#2959),#2998);
#2954=STYLED_ITEM('',(#2960),#2999);
#2955=STYLED_ITEM('',(#2961),#3000);
#2956=STYLED_ITEM('',(#2962),#3001);
#2957=STYLED_ITEM('',(#2963),#3002);
#2958=STYLED_ITEM('',(#2964),#3003);
#2959=PRESENTATION_STYLE_ASSIGNMENT((#2965));
#2960=PRESENTATION_STYLE_ASSIGNMENT((#2966));
#2961=PRESENTATION_STYLE_ASSIGNMENT((#2967));
#2962=PRESENTATION_STYLE_ASSIGNMENT((#2968));
#2963=PRESENTATION_STYLE_ASSIGNMENT((#2969));
#2964=PRESENTATION_STYLE_ASSIGNMENT((#2970));
#2965=SURFACE_STYLE_USAGE(.BOTH.,#2971);
#2966=SURFACE_STYLE_USAGE(.BOTH.,#2972);
#2967=SURFACE_STYLE_USAGE(.BOTH.,#2973);
#2968=SURFACE_STYLE_USAGE(.BOTH.,#2974);
#2969=SURFACE_STYLE_USAGE(.BOTH.,#2975);
#2970=SURFACE_STYLE_USAGE(.BOTH.,#2976);
#2971=SURFACE_SIDE_STYLE('',(#2977));
#2972=SURFACE_SIDE_STYLE('',(#2978));
#2973=SURFACE_SIDE_STYLE('',(#2979));
#2974=SURFACE_SIDE_STYLE('',(#2980));
#2975=SURFACE_SIDE_STYLE('',(#2981));
#2976=SURFACE_SIDE_STYLE('',(#2982));
#2977=SURFACE_STYLE_FILL_AREA(#2983);
#2978=SURFACE_STYLE_FILL_AREA(#2984);
#2979=SURFACE_STYLE_FILL_AREA(#2985);
#2980=SURFACE_STYLE_FILL_AREA(#2986);
#2981=SURFACE_STYLE_FILL_AREA(#2987);
#2982=SURFACE_STYLE_FILL_AREA(#2988);
#2983=FILL_AREA_STYLE('',(#2989));
#2984=FILL_AREA_STYLE('',(#2990));
#2985=FILL_AREA_STYLE('',(#2991));
#2986=FILL_AREA_STYLE('',(#2992));
#2987=FILL_AREA_STYLE('',(#2993));
#2988=FILL_AREA_STYLE('',(#2994));
#2989=FILL_AREA_STYLE_COLOUR('',#2995);
#2990=FILL_AREA_STYLE_COLOUR('',#2996);
#2991=FILL_AREA_STYLE_COLOUR('',#2995);
#2992=FILL_AREA_STYLE_COLOUR('',#2997);
#2993=FILL_AREA_STYLE_COLOUR('',#2997);
#2994=FILL_AREA_STYLE_COLOUR('',#2997);
#2995=COLOUR_RGB('',0.119999997317791,0.119999997317791,0.119999997317791);
#2996=COLOUR_RGB('',0.87058824300766,0.633254885673523,0.172549024224281);
#2997=COLOUR_RGB('',0.699999988079071,0.699999988079071,0.699999988079071);
#2998=MANIFOLD_SOLID_BREP('',#2947);
#2999=MANIFOLD_SOLID_BREP('',#2948);
#3000=MANIFOLD_SOLID_BREP('',#2949);
#3001=MANIFOLD_SOLID_BREP('',#2950);
#3002=MANIFOLD_SOLID_BREP('',#2951);
#3003=MANIFOLD_SOLID_BREP('',#2952);
#3004=SHAPE_DEFINITION_REPRESENTATION(#4991,#3011);
#3005=SHAPE_DEFINITION_REPRESENTATION(#4990,#3012);
#3006=SHAPE_DEFINITION_REPRESENTATION(#4993,#3013);
#3007=SHAPE_DEFINITION_REPRESENTATION(#4995,#3014);
#3008=SHAPE_DEFINITION_REPRESENTATION(#4997,#3015);
#3009=SHAPE_DEFINITION_REPRESENTATION(#4999,#3016);
#3010=SHAPE_DEFINITION_REPRESENTATION(#5001,#3017);
#3011=SHAPE_REPRESENTATION('6941xx303002',(#3018),#4974);
#3012=SHAPE_REPRESENTATION('6941xx303002',(#3018,#3097,#3115,#3141,#3163,
#3232,#3285),#4973);
#3013=SHAPE_REPRESENTATION('694106301002_PinContact',(#3018),#4975);
#3014=SHAPE_REPRESENTATION('6941xx303002_Back',(#3018),#4976);
#3015=SHAPE_REPRESENTATION('6941xx303002_PinContact2',(#3018),#4977);
#3016=SHAPE_REPRESENTATION('6941xx303002_PinLame',(#3018),#4978);
#3017=SHAPE_REPRESENTATION('6941xx303002_PinBis',(#3018),#4979);
#3018=AXIS2_PLACEMENT_3D('',#4127,#3286,#3287);
#3019=AXIS2_PLACEMENT_3D('',#4128,#3288,#3289);
#3020=AXIS2_PLACEMENT_3D('',#4138,#3294,#3295);
#3021=AXIS2_PLACEMENT_3D('',#4141,#3297,#3298);
#3022=AXIS2_PLACEMENT_3D('',#4150,#3303,#3304);
#3023=AXIS2_PLACEMENT_3D('',#4172,#3316,#3317);
#3024=AXIS2_PLACEMENT_3D('',#4176,#3319,#3320);
#3025=AXIS2_PLACEMENT_3D('',#4185,#3326,#3327);
#3026=AXIS2_PLACEMENT_3D('',#4186,#3328,#3329);
#3027=AXIS2_PLACEMENT_3D('',#4191,#3331,#3332);
#3028=AXIS2_PLACEMENT_3D('',#4195,#3334,#3335);
#3029=AXIS2_PLACEMENT_3D('',#4199,#3337,#3338);
#3030=AXIS2_PLACEMENT_3D('',#4215,#3347,#3348);
#3031=AXIS2_PLACEMENT_3D('',#4226,#3355,#3356);
#3032=AXIS2_PLACEMENT_3D('',#4232,#3360,#3361);
#3033=AXIS2_PLACEMENT_3D('',#4238,#3365,#3366);
#3034=AXIS2_PLACEMENT_3D('',#4249,#3373,#3374);
#3035=AXIS2_PLACEMENT_3D('',#4250,#3375,#3376);
#3036=AXIS2_PLACEMENT_3D('',#4252,#3377,#3378);
#3037=AXIS2_PLACEMENT_3D('',#4254,#3379,#3380);
#3038=AXIS2_PLACEMENT_3D('',#4255,#3381,#3382);
#3039=AXIS2_PLACEMENT_3D('',#4259,#3384,#3385);
#3040=AXIS2_PLACEMENT_3D('',#4261,#3386,#3387);
#3041=AXIS2_PLACEMENT_3D('',#4270,#3392,#3393);
#3042=AXIS2_PLACEMENT_3D('',#4272,#3394,#3395);
#3043=AXIS2_PLACEMENT_3D('',#4273,#3396,#3397);
#3044=AXIS2_PLACEMENT_3D('',#4279,#3400,#3401);
#3045=AXIS2_PLACEMENT_3D('',#4281,#3402,#3403);
#3046=AXIS2_PLACEMENT_3D('',#4283,#3405,#3406);
#3047=AXIS2_PLACEMENT_3D('',#4286,#3408,#3409);
#3048=AXIS2_PLACEMENT_3D('',#4287,#3410,#3411);
#3049=AXIS2_PLACEMENT_3D('',#4290,#3413,#3414);
#3050=AXIS2_PLACEMENT_3D('',#4293,#3416,#3417);
#3051=AXIS2_PLACEMENT_3D('',#4299,#3421,#3422);
#3052=AXIS2_PLACEMENT_3D('',#4305,#3426,#3427);
#3053=AXIS2_PLACEMENT_3D('',#4307,#3429,#3430);
#3054=AXIS2_PLACEMENT_3D('',#4308,#3431,#3432);
#3055=AXIS2_PLACEMENT_3D('',#4311,#3435,#3436);
#3056=AXIS2_PLACEMENT_3D('',#4312,#3437,#3438);
#3057=AXIS2_PLACEMENT_3D('',#4313,#3439,#3440);
#3058=AXIS2_PLACEMENT_3D('',#4320,#3445,#3446);
#3059=AXIS2_PLACEMENT_3D('',#4328,#3451,#3452);
#3060=AXIS2_PLACEMENT_3D('',#4332,#3455,#3456);
#3061=AXIS2_PLACEMENT_3D('',#4336,#3459,#3460);
#3062=AXIS2_PLACEMENT_3D('',#4338,#3462,#3463);
#3063=AXIS2_PLACEMENT_3D('',#4340,#3465,#3466);
#3064=AXIS2_PLACEMENT_3D('',#4344,#3469,#3470);
#3065=AXIS2_PLACEMENT_3D('',#4348,#3473,#3474);
#3066=AXIS2_PLACEMENT_3D('',#4353,#3478,#3479);
#3067=AXIS2_PLACEMENT_3D('',#4355,#3481,#3482);
#3068=AXIS2_PLACEMENT_3D('',#4357,#3484,#3485);
#3069=AXIS2_PLACEMENT_3D('',#4358,#3486,#3487);
#3070=AXIS2_PLACEMENT_3D('',#4359,#3488,#3489);
#3071=AXIS2_PLACEMENT_3D('',#4360,#3490,#3491);
#3072=AXIS2_PLACEMENT_3D('',#4361,#3492,#3493);
#3073=AXIS2_PLACEMENT_3D('',#4362,#3494,#3495);
#3074=AXIS2_PLACEMENT_3D('',#4363,#3496,#3497);
#3075=AXIS2_PLACEMENT_3D('',#4364,#3498,#3499);
#3076=AXIS2_PLACEMENT_3D('',#4365,#3500,#3501);
#3077=AXIS2_PLACEMENT_3D('',#4366,#3502,#3503);
#3078=AXIS2_PLACEMENT_3D('',#4367,#3504,#3505);
#3079=AXIS2_PLACEMENT_3D('',#4368,#3506,#3507);
#3080=AXIS2_PLACEMENT_3D('',#4369,#3508,#3509);
#3081=AXIS2_PLACEMENT_3D('',#4370,#3510,#3511);
#3082=AXIS2_PLACEMENT_3D('',#4371,#3512,#3513);
#3083=AXIS2_PLACEMENT_3D('',#4372,#3514,#3515);
#3084=AXIS2_PLACEMENT_3D('',#4373,#3516,#3517);
#3085=AXIS2_PLACEMENT_3D('',#4374,#3518,#3519);
#3086=AXIS2_PLACEMENT_3D('',#4375,#3520,#3521);
#3087=AXIS2_PLACEMENT_3D('',#4376,#3522,#3523);
#3088=AXIS2_PLACEMENT_3D('',#4377,#3524,#3525);
#3089=AXIS2_PLACEMENT_3D('',#4378,#3526,#3527);
#3090=AXIS2_PLACEMENT_3D('',#4379,#3528,#3529);
#3091=AXIS2_PLACEMENT_3D('',#4380,#3530,#3531);
#3092=AXIS2_PLACEMENT_3D('',#4381,#3532,#3533);
#3093=AXIS2_PLACEMENT_3D('',#4382,#3534,#3535);
#3094=AXIS2_PLACEMENT_3D('',#4384,#3537,#3538);
#3095=AXIS2_PLACEMENT_3D('',#4385,#3539,#3540);
#3096=AXIS2_PLACEMENT_3D('',#4386,#3541,#3542);
#3097=AXIS2_PLACEMENT_3D('',#4387,#3543,#3544);
#3098=AXIS2_PLACEMENT_3D('',#4388,#3545,#3546);
#3099=AXIS2_PLACEMENT_3D('',#4389,#3547,#3548);
#3100=AXIS2_PLACEMENT_3D('',#4391,#3549,#3550);
#3101=AXIS2_PLACEMENT_3D('',#4393,#3551,#3552);
#3102=AXIS2_PLACEMENT_3D('',#4394,#3553,#3554);
#3103=AXIS2_PLACEMENT_3D('',#4396,#3555,#3556);
#3104=AXIS2_PLACEMENT_3D('',#4397,#3557,#3558);
#3105=AXIS2_PLACEMENT_3D('',#4399,#3559,#3560);
#3106=AXIS2_PLACEMENT_3D('',#4400,#3561,#3562);
#3107=AXIS2_PLACEMENT_3D('',#4402,#3563,#3564);
#3108=AXIS2_PLACEMENT_3D('',#4403,#3565,#3566);
#3109=AXIS2_PLACEMENT_3D('',#4405,#3567,#3568);
#3110=AXIS2_PLACEMENT_3D('',#4406,#3569,#3570);
#3111=AXIS2_PLACEMENT_3D('',#4408,#3571,#3572);
#3112=AXIS2_PLACEMENT_3D('',#4409,#3573,#3574);
#3113=AXIS2_PLACEMENT_3D('',#4410,#3575,#3576);
#3114=AXIS2_PLACEMENT_3D('',#4412,#3577,#3578);
#3115=AXIS2_PLACEMENT_3D('',#4414,#3579,#3580);
#3116=AXIS2_PLACEMENT_3D('',#4415,#3581,#3582);
#3117=AXIS2_PLACEMENT_3D('',#4428,#3589,#3590);
#3118=AXIS2_PLACEMENT_3D('',#4429,#3591,#3592);
#3119=AXIS2_PLACEMENT_3D('',#4443,#3599,#3600);
#3120=AXIS2_PLACEMENT_3D('',#4446,#3602,#3603);
#3121=AXIS2_PLACEMENT_3D('',#4448,#3604,#3605);
#3122=AXIS2_PLACEMENT_3D('',#4467,#3616,#3617);
#3123=AXIS2_PLACEMENT_3D('',#4473,#3621,#3622);
#3124=AXIS2_PLACEMENT_3D('',#4474,#3623,#3624);
#3125=AXIS2_PLACEMENT_3D('',#4476,#3625,#3626);
#3126=AXIS2_PLACEMENT_3D('',#4483,#3631,#3632);
#3127=AXIS2_PLACEMENT_3D('',#4484,#3633,#3634);
#3128=AXIS2_PLACEMENT_3D('',#4485,#3635,#3636);
#3129=AXIS2_PLACEMENT_3D('',#4491,#3640,#3641);
#3130=AXIS2_PLACEMENT_3D('',#4495,#3644,#3645);
#3131=AXIS2_PLACEMENT_3D('',#4497,#3647,#3648);
#3132=AXIS2_PLACEMENT_3D('',#4498,#3649,#3650);
#3133=AXIS2_PLACEMENT_3D('',#4502,#3653,#3654);
#3134=AXIS2_PLACEMENT_3D('',#4504,#3656,#3657);
#3135=AXIS2_PLACEMENT_3D('',#4505,#3658,#3659);
#3136=AXIS2_PLACEMENT_3D('',#4509,#3662,#3663);
#3137=AXIS2_PLACEMENT_3D('',#4513,#3666,#3667);
#3138=AXIS2_PLACEMENT_3D('',#4515,#3669,#3670);
#3139=AXIS2_PLACEMENT_3D('',#4516,#3671,#3672);
#3140=AXIS2_PLACEMENT_3D('',#4517,#3673,#3674);
#3141=AXIS2_PLACEMENT_3D('',#4518,#3675,#3676);
#3142=AXIS2_PLACEMENT_3D('',#4519,#3677,#3678);
#3143=AXIS2_PLACEMENT_3D('',#4520,#3679,#3680);
#3144=AXIS2_PLACEMENT_3D('',#4525,#3682,#3683);
#3145=AXIS2_PLACEMENT_3D('',#4528,#3685,#3686);
#3146=AXIS2_PLACEMENT_3D('',#4534,#3690,#3691);
#3147=AXIS2_PLACEMENT_3D('',#4540,#3695,#3696);
#3148=AXIS2_PLACEMENT_3D('',#4546,#3700,#3701);
#3149=AXIS2_PLACEMENT_3D('',#4555,#3706,#3707);
#3150=AXIS2_PLACEMENT_3D('',#4564,#3712,#3713);
#3151=AXIS2_PLACEMENT_3D('',#4570,#3717,#3718);
#3152=AXIS2_PLACEMENT_3D('',#4573,#3721,#3722);
#3153=AXIS2_PLACEMENT_3D('',#4574,#3723,#3724);
#3154=AXIS2_PLACEMENT_3D('',#4576,#3725,#3726);
#3155=AXIS2_PLACEMENT_3D('',#4577,#3727,#3728);
#3156=AXIS2_PLACEMENT_3D('',#4578,#3729,#3730);
#3157=AXIS2_PLACEMENT_3D('',#4579,#3731,#3732);
#3158=AXIS2_PLACEMENT_3D('',#4581,#3733,#3734);
#3159=AXIS2_PLACEMENT_3D('',#4582,#3735,#3736);
#3160=AXIS2_PLACEMENT_3D('',#4583,#3737,#3738);
#3161=AXIS2_PLACEMENT_3D('',#4584,#3739,#3740);
#3162=AXIS2_PLACEMENT_3D('',#4585,#3741,#3742);
#3163=AXIS2_PLACEMENT_3D('',#4586,#3743,#3744);
#3164=AXIS2_PLACEMENT_3D('',#4587,#3745,#3746);
#3165=AXIS2_PLACEMENT_3D('',#4596,#3751,#3752);
#3166=AXIS2_PLACEMENT_3D('',#4605,#3757,#3758);
#3167=AXIS2_PLACEMENT_3D('',#4606,#3759,#3760);
#3168=AXIS2_PLACEMENT_3D('',#4611,#3762,#3763);
#3169=AXIS2_PLACEMENT_3D('',#4614,#3765,#3766);
#3170=AXIS2_PLACEMENT_3D('',#4641,#3781,#3782);
#3171=AXIS2_PLACEMENT_3D('',#4665,#3796,#3797);
#3172=AXIS2_PLACEMENT_3D('',#4674,#3802,#3803);
#3173=AXIS2_PLACEMENT_3D('',#4675,#3804,#3805);
#3174=AXIS2_PLACEMENT_3D('',#4679,#3807,#3808);
#3175=AXIS2_PLACEMENT_3D('',#4680,#3809,#3810);
#3176=AXIS2_PLACEMENT_3D('',#4686,#3814,#3815);
#3177=AXIS2_PLACEMENT_3D('',#4687,#3816,#3817);
#3178=AXIS2_PLACEMENT_3D('',#4691,#3819,#3820);
#3179=AXIS2_PLACEMENT_3D('',#4692,#3821,#3822);
#3180=AXIS2_PLACEMENT_3D('',#4698,#3826,#3827);
#3181=AXIS2_PLACEMENT_3D('',#4699,#3828,#3829);
#3182=AXIS2_PLACEMENT_3D('',#4703,#3831,#3832);
#3183=AXIS2_PLACEMENT_3D('',#4704,#3833,#3834);
#3184=AXIS2_PLACEMENT_3D('',#4705,#3835,#3836);
#3185=AXIS2_PLACEMENT_3D('',#4709,#3839,#3840);
#3186=AXIS2_PLACEMENT_3D('',#4715,#3844,#3845);
#3187=AXIS2_PLACEMENT_3D('',#4716,#3846,#3847);
#3188=AXIS2_PLACEMENT_3D('',#4718,#3848,#3849);
#3189=AXIS2_PLACEMENT_3D('',#4721,#3851,#3852);
#3190=AXIS2_PLACEMENT_3D('',#4727,#3856,#3857);
#3191=AXIS2_PLACEMENT_3D('',#4728,#3858,#3859);
#3192=AXIS2_PLACEMENT_3D('',#4732,#3861,#3862);
#3193=AXIS2_PLACEMENT_3D('',#4733,#3863,#3864);
#3194=AXIS2_PLACEMENT_3D('',#4734,#3865,#3866);
#3195=AXIS2_PLACEMENT_3D('',#4738,#3869,#3870);
#3196=AXIS2_PLACEMENT_3D('',#4741,#3873,#3874);
#3197=AXIS2_PLACEMENT_3D('',#4743,#3876,#3877);
#3198=AXIS2_PLACEMENT_3D('',#4745,#3879,#3880);
#3199=AXIS2_PLACEMENT_3D('',#4747,#3882,#3883);
#3200=AXIS2_PLACEMENT_3D('',#4749,#3885,#3886);
#3201=AXIS2_PLACEMENT_3D('',#4751,#3888,#3889);
#3202=AXIS2_PLACEMENT_3D('',#4753,#3891,#3892);
#3203=AXIS2_PLACEMENT_3D('',#4754,#3893,#3894);
#3204=AXIS2_PLACEMENT_3D('',#4755,#3895,#3896);
#3205=AXIS2_PLACEMENT_3D('',#4756,#3897,#3898);
#3206=AXIS2_PLACEMENT_3D('',#4759,#3901,#3902);
#3207=AXIS2_PLACEMENT_3D('',#4760,#3903,#3904);
#3208=AXIS2_PLACEMENT_3D('',#4768,#3908,#3909);
#3209=AXIS2_PLACEMENT_3D('',#4769,#3910,#3911);
#3210=AXIS2_PLACEMENT_3D('',#4770,#3912,#3913);
#3211=AXIS2_PLACEMENT_3D('',#4778,#3917,#3918);
#3212=AXIS2_PLACEMENT_3D('',#4779,#3919,#3920);
#3213=AXIS2_PLACEMENT_3D('',#4780,#3921,#3922);
#3214=AXIS2_PLACEMENT_3D('',#4781,#3923,#3924);
#3215=AXIS2_PLACEMENT_3D('',#4785,#3926,#3927);
#3216=AXIS2_PLACEMENT_3D('',#4787,#3929,#3930);
#3217=AXIS2_PLACEMENT_3D('',#4791,#3932,#3933);
#3218=AXIS2_PLACEMENT_3D('',#4793,#3935,#3936);
#3219=AXIS2_PLACEMENT_3D('',#4794,#3937,#3938);
#3220=AXIS2_PLACEMENT_3D('',#4797,#3941,#3942);
#3221=AXIS2_PLACEMENT_3D('',#4798,#3943,#3944);
#3222=AXIS2_PLACEMENT_3D('',#4799,#3945,#3946);
#3223=AXIS2_PLACEMENT_3D('',#4800,#3947,#3948);
#3224=AXIS2_PLACEMENT_3D('',#4801,#3949,#3950);
#3225=AXIS2_PLACEMENT_3D('',#4802,#3951,#3952);
#3226=AXIS2_PLACEMENT_3D('',#4804,#3953,#3954);
#3227=AXIS2_PLACEMENT_3D('',#4805,#3955,#3956);
#3228=AXIS2_PLACEMENT_3D('',#4807,#3957,#3958);
#3229=AXIS2_PLACEMENT_3D('',#4808,#3959,#3960);
#3230=AXIS2_PLACEMENT_3D('',#4810,#3961,#3962);
#3231=AXIS2_PLACEMENT_3D('',#4811,#3963,#3964);
#3232=AXIS2_PLACEMENT_3D('',#4812,#3965,#3966);
#3233=AXIS2_PLACEMENT_3D('',#4813,#3967,#3968);
#3234=AXIS2_PLACEMENT_3D('',#4822,#3973,#3974);
#3235=AXIS2_PLACEMENT_3D('',#4830,#3978,#3979);
#3236=AXIS2_PLACEMENT_3D('',#4835,#3982,#3983);
#3237=AXIS2_PLACEMENT_3D('',#4836,#3984,#3985);
#3238=AXIS2_PLACEMENT_3D('',#4844,#3989,#3990);
#3239=AXIS2_PLACEMENT_3D('',#4852,#3994,#3995);
#3240=AXIS2_PLACEMENT_3D('',#4853,#3996,#3997);
#3241=AXIS2_PLACEMENT_3D('',#4857,#3999,#4000);
#3242=AXIS2_PLACEMENT_3D('',#4861,#4002,#4003);
#3243=AXIS2_PLACEMENT_3D('',#4865,#4005,#4006);
#3244=AXIS2_PLACEMENT_3D('',#4867,#4008,#4009);
#3245=AXIS2_PLACEMENT_3D('',#4871,#4011,#4012);
#3246=AXIS2_PLACEMENT_3D('',#4875,#4014,#4015);
#3247=AXIS2_PLACEMENT_3D('',#4876,#4016,#4017);
#3248=AXIS2_PLACEMENT_3D('',#4882,#4021,#4022);
#3249=AXIS2_PLACEMENT_3D('',#4888,#4026,#4027);
#3250=AXIS2_PLACEMENT_3D('',#4894,#4031,#4032);
#3251=AXIS2_PLACEMENT_3D('',#4900,#4036,#4037);
#3252=AXIS2_PLACEMENT_3D('',#4906,#4041,#4042);
#3253=AXIS2_PLACEMENT_3D('',#4907,#4043,#4044);
#3254=AXIS2_PLACEMENT_3D('',#4908,#4045,#4046);
#3255=AXIS2_PLACEMENT_3D('',#4909,#4047,#4048);
#3256=AXIS2_PLACEMENT_3D('',#4910,#4049,#4050);
#3257=AXIS2_PLACEMENT_3D('',#4912,#4052,#4053);
#3258=AXIS2_PLACEMENT_3D('',#4913,#4054,#4055);
#3259=AXIS2_PLACEMENT_3D('',#4914,#4056,#4057);
#3260=AXIS2_PLACEMENT_3D('',#4917,#4059,#4060);
#3261=AXIS2_PLACEMENT_3D('',#4921,#4062,#4063);
#3262=AXIS2_PLACEMENT_3D('',#4925,#4065,#4066);
#3263=AXIS2_PLACEMENT_3D('',#4929,#4068,#4069);
#3264=AXIS2_PLACEMENT_3D('',#4931,#4071,#4072);
#3265=AXIS2_PLACEMENT_3D('',#4935,#4074,#4075);
#3266=AXIS2_PLACEMENT_3D('',#4939,#4077,#4078);
#3267=AXIS2_PLACEMENT_3D('',#4943,#4081,#4082);
#3268=AXIS2_PLACEMENT_3D('',#4947,#4084,#4085);
#3269=AXIS2_PLACEMENT_3D('',#4948,#4086,#4087);
#3270=AXIS2_PLACEMENT_3D('',#4950,#4089,#4090);
#3271=AXIS2_PLACEMENT_3D('',#4951,#4091,#4092);
#3272=AXIS2_PLACEMENT_3D('',#4952,#4093,#4094);
#3273=AXIS2_PLACEMENT_3D('',#4955,#4097,#4098);
#3274=AXIS2_PLACEMENT_3D('',#4958,#4101,#4102);
#3275=AXIS2_PLACEMENT_3D('',#4961,#4105,#4106);
#3276=AXIS2_PLACEMENT_3D('',#4962,#4107,#4108);
#3277=AXIS2_PLACEMENT_3D('',#4963,#4109,#4110);
#3278=AXIS2_PLACEMENT_3D('',#4964,#4111,#4112);
#3279=AXIS2_PLACEMENT_3D('',#4965,#4113,#4114);
#3280=AXIS2_PLACEMENT_3D('',#4966,#4115,#4116);
#3281=AXIS2_PLACEMENT_3D('',#4967,#4117,#4118);
#3282=AXIS2_PLACEMENT_3D('',#4968,#4119,#4120);
#3283=AXIS2_PLACEMENT_3D('',#4969,#4121,#4122);
#3284=AXIS2_PLACEMENT_3D('',#4970,#4123,#4124);
#3285=AXIS2_PLACEMENT_3D('',#4971,#4125,#4126);
#3286=DIRECTION('',(0.,0.,1.));
#3287=DIRECTION('',(1.,0.,0.));
#3288=DIRECTION('',(0.,1.,0.));
#3289=DIRECTION('',(0.,0.,1.));
#3290=DIRECTION('',(-1.16580878761882E-16,0.,-1.));
#3291=DIRECTION('',(-1.,0.,1.08420217248551E-16));
#3292=DIRECTION('',(1.16580878761882E-16,0.,1.));
#3293=DIRECTION('',(1.,0.,-1.16760233959977E-16));
#3294=DIRECTION('',(0.,1.,0.));
#3295=DIRECTION('',(0.,0.,1.));
#3296=DIRECTION('',(1.,0.,-1.16760233959977E-16));
#3297=DIRECTION('',(0.,0.,1.));
#3298=DIRECTION('',(1.,0.,0.));
#3299=DIRECTION('',(1.,0.,-8.67361737988404E-15));
#3300=DIRECTION('',(0.,1.,0.));
#3301=DIRECTION('',(1.,0.,0.));
#3302=DIRECTION('',(0.,1.,0.));
#3303=DIRECTION('',(-1.08420217248551E-16,0.,-1.));
#3304=DIRECTION('',(-1.,0.,1.08420217248551E-16));
#3305=DIRECTION('',(7.83662900548192E-31,1.,9.03501810404587E-17));
#3306=DIRECTION('',(1.,0.,-8.67361737988404E-15));
#3307=DIRECTION('',(0.,1.,0.));
#3308=DIRECTION('',(-1.,0.,1.08420217248551E-16));
#3309=DIRECTION('',(0.,1.,0.));
#3310=DIRECTION('',(-1.,0.,0.));
#3311=DIRECTION('',(0.,1.,0.));
#3312=DIRECTION('',(-1.,0.,1.08420217248551E-16));
#3313=DIRECTION('',(0.,1.,0.));
#3314=DIRECTION('',(-1.,0.,-8.67361737988404E-15));
#3315=DIRECTION('',(7.83662900548192E-31,-1.,-9.03501810404587E-17));
#3316=DIRECTION('',(0.,-1.,0.));
#3317=DIRECTION('',(0.,0.,-1.));
#3318=DIRECTION('',(-8.67361737988404E-17,0.,1.));
#3319=DIRECTION('',(0.,-1.,0.));
#3320=DIRECTION('',(0.,0.,-1.));
#3321=DIRECTION('',(1.,0.,8.67361737988403E-17));
#3322=DIRECTION('',(0.,0.,1.));
#3323=DIRECTION('',(-8.67361737988403E-15,0.,-1.));
#3324=DIRECTION('',(-1.16580878761882E-16,0.,-1.));
#3325=DIRECTION('',(1.,0.,-9.6373526443156E-17));
#3326=DIRECTION('',(0.,-1.,0.));
#3327=DIRECTION('',(0.,0.,-1.));
#3328=DIRECTION('',(0.,-1.,0.));
#3329=DIRECTION('',(0.,0.,-1.));
#3330=DIRECTION('',(1.,0.,8.67361737988403E-17));
#3331=DIRECTION('',(0.,-1.,0.));
#3332=DIRECTION('',(0.,0.,-1.));
#3333=DIRECTION('',(1.73472347597681E-16,0.,-1.));
#3334=DIRECTION('',(0.,-1.,0.));
#3335=DIRECTION('',(1.,0.,0.));
#3336=DIRECTION('',(1.,0.,2.16840434497101E-16));
#3337=DIRECTION('',(0.,-1.,0.));
#3338=DIRECTION('',(1.,0.,0.));
#3339=DIRECTION('',(-8.67361737988404E-17,0.,1.));
#3340=DIRECTION('',(-1.,0.,0.));
#3341=DIRECTION('',(0.,0.,-1.));
#3342=DIRECTION('',(1.,0.,-9.6373526443156E-17));
#3343=DIRECTION('',(1.16580878761882E-16,0.,1.));
#3344=DIRECTION('',(1.,0.,0.));
#3345=DIRECTION('',(-8.67361737988404E-15,0.,1.));
#3346=DIRECTION('',(0.,0.,-1.));
#3347=DIRECTION('',(8.67361737988403E-17,0.,-1.));
#3348=DIRECTION('',(-1.,0.,-8.67361737988403E-17));
#3349=DIRECTION('',(-1.,0.,-8.67361737988403E-17));
#3350=DIRECTION('',(0.,1.,0.));
#3351=DIRECTION('',(0.,1.,0.));
#3352=DIRECTION('',(1.,0.,0.));
#3353=DIRECTION('',(0.,1.,0.));
#3354=DIRECTION('',(0.,1.,0.));
#3355=DIRECTION('',(9.6373526443156E-17,0.,1.));
#3356=DIRECTION('',(1.,0.,-9.6373526443156E-17));
#3357=DIRECTION('',(0.,1.,0.));
#3358=DIRECTION('',(1.,0.,-9.6373526443156E-17));
#3359=DIRECTION('',(0.,1.,0.));
#3360=DIRECTION('',(0.,-1.,0.));
#3361=DIRECTION('',(0.,0.,-1.));
#3362=DIRECTION('',(1.16580878761882E-16,0.,1.));
#3363=DIRECTION('',(-1.,0.,0.));
#3364=DIRECTION('',(0.,0.,1.));
#3365=DIRECTION('',(1.,0.,1.15648231731787E-16));
#3366=DIRECTION('',(1.15648231731787E-16,0.,-1.));
#3367=DIRECTION('',(1.15648231731787E-16,0.,-1.));
#3368=DIRECTION('',(0.,1.,0.));
#3369=DIRECTION('',(0.,1.,0.));
#3370=DIRECTION('',(0.,-1.,0.));
#3371=DIRECTION('',(1.15648231731787E-16,0.,-1.));
#3372=DIRECTION('',(0.,1.,0.));
#3373=DIRECTION('',(0.,1.,0.));
#3374=DIRECTION('',(0.,0.,1.));
#3375=DIRECTION('',(0.,1.,0.));
#3376=DIRECTION('',(1.,0.,0.));
#3377=DIRECTION('',(0.,1.,0.));
#3378=DIRECTION('',(1.,0.,0.));
#3379=DIRECTION('',(0.,1.,0.));
#3380=DIRECTION('',(0.,0.,1.));
#3381=DIRECTION('',(0.,1.,0.));
#3382=DIRECTION('',(1.,0.,0.));
#3383=DIRECTION('',(1.,0.,-1.16760233959977E-16));
#3384=DIRECTION('',(0.,1.,0.));
#3385=DIRECTION('',(1.,0.,0.));
#3386=DIRECTION('',(0.,1.,0.));
#3387=DIRECTION('',(0.,0.,1.));
#3388=DIRECTION('',(-1.15648231731787E-16,0.,1.));
#3389=DIRECTION('',(-1.,0.,-8.67361737988403E-17));
#3390=DIRECTION('',(1.15648231731787E-16,0.,-1.));
#3391=DIRECTION('',(1.,0.,2.60208521396521E-16));
#3392=DIRECTION('',(0.,1.,0.));
#3393=DIRECTION('',(1.,0.,0.));
#3394=DIRECTION('',(0.,-1.,0.));
#3395=DIRECTION('',(0.,0.,-1.));
#3396=DIRECTION('',(0.,-1.,0.));
#3397=DIRECTION('',(-1.,0.,0.));
#3398=DIRECTION('',(0.,1.,0.));
#3399=DIRECTION('',(0.,-1.,0.));
#3400=DIRECTION('',(0.,-1.,0.));
#3401=DIRECTION('',(1.,0.,0.));
#3402=DIRECTION('',(0.,-1.,0.));
#3403=DIRECTION('',(1.,0.,0.));
#3404=DIRECTION('',(0.,1.,0.));
#3405=DIRECTION('',(0.,1.,0.));
#3406=DIRECTION('',(0.,0.,1.));
#3407=DIRECTION('',(1.,0.,2.60208521396521E-16));
#3408=DIRECTION('',(0.,1.,0.));
#3409=DIRECTION('',(0.,0.,1.));
#3410=DIRECTION('',(0.,1.,0.));
#3411=DIRECTION('',(0.,0.,1.));
#3412=DIRECTION('',(-1.15648231731787E-16,0.,1.));
#3413=DIRECTION('',(0.,1.,0.));
#3414=DIRECTION('',(0.,0.,1.));
#3415=DIRECTION('',(1.,0.,2.60208521396521E-16));
#3416=DIRECTION('',(-1.,0.,-1.15648231731787E-16));
#3417=DIRECTION('',(-1.15648231731787E-16,0.,1.));
#3418=DIRECTION('',(0.,1.,0.));
#3419=DIRECTION('',(-1.15648231731787E-16,0.,1.));
#3420=DIRECTION('',(0.,1.,0.));
#3421=DIRECTION('',(-2.60208521396521E-16,0.,1.));
#3422=DIRECTION('',(1.,0.,2.60208521396521E-16));
#3423=DIRECTION('',(0.,1.,0.));
#3424=DIRECTION('',(1.,0.,2.60208521396521E-16));
#3425=DIRECTION('',(0.,1.,0.));
#3426=DIRECTION('',(-2.16840434497101E-16,0.,1.));
#3427=DIRECTION('',(1.,0.,2.16840434497101E-16));
#3428=DIRECTION('',(1.,0.,2.16840434497101E-16));
#3429=DIRECTION('',(0.,-1.,0.));
#3430=DIRECTION('',(0.,0.,-1.));
#3431=DIRECTION('',(0.,-1.,0.));
#3432=DIRECTION('',(0.,0.,-1.));
#3433=DIRECTION('',(0.,-1.,0.));
#3434=DIRECTION('',(0.,-1.,0.));
#3435=DIRECTION('',(0.,-1.,0.));
#3436=DIRECTION('',(0.,0.,-1.));
#3437=DIRECTION('',(0.,-1.,0.));
#3438=DIRECTION('',(0.,0.,-1.));
#3439=DIRECTION('',(0.,0.,-1.));
#3440=DIRECTION('',(-1.,0.,0.));
#3441=DIRECTION('',(1.,0.,0.));
#3442=DIRECTION('',(0.,1.,0.));
#3443=DIRECTION('',(0.,1.,0.));
#3444=DIRECTION('',(0.,1.,0.));
#3445=DIRECTION('',(1.,0.,0.));
#3446=DIRECTION('',(0.,0.,-1.));
#3447=DIRECTION('',(0.,0.,1.));
#3448=DIRECTION('',(0.,1.,0.));
#3449=DIRECTION('',(0.,0.,-1.));
#3450=DIRECTION('',(0.,1.,0.));
#3451=DIRECTION('',(9.6373526443156E-17,0.,1.));
#3452=DIRECTION('',(1.,0.,-9.6373526443156E-17));
#3453=DIRECTION('',(0.,-1.,0.));
#3454=DIRECTION('',(1.,0.,-9.6373526443156E-17));
#3455=DIRECTION('',(0.,-1.,0.));
#3456=DIRECTION('',(0.,0.,-1.));
#3457=DIRECTION('',(-1.,0.,0.));
#3458=DIRECTION('',(-1.16580878761882E-16,0.,-1.));
#3459=DIRECTION('',(1.,0.,-1.16580878761882E-16));
#3460=DIRECTION('',(-1.16580878761882E-16,0.,-1.));
#3461=DIRECTION('',(8.67361737988404E-15,0.,1.));
#3462=DIRECTION('',(1.,0.,-8.67361737988403E-15));
#3463=DIRECTION('',(-8.67361737988403E-15,0.,-1.));
#3464=DIRECTION('',(8.67361737988404E-15,0.,1.));
#3465=DIRECTION('',(-1.,0.,-8.67361737988404E-15));
#3466=DIRECTION('',(-8.67361737988404E-15,0.,1.));
#3467=DIRECTION('',(0.,1.,0.));
#3468=DIRECTION('',(8.67361737988404E-15,0.,-1.));
#3469=DIRECTION('',(0.,0.,1.));
#3470=DIRECTION('',(1.,0.,0.));
#3471=DIRECTION('',(0.,1.,0.));
#3472=DIRECTION('',(-1.,0.,-8.67361737988404E-15));
#3473=DIRECTION('',(-1.,0.,1.16580878761882E-16));
#3474=DIRECTION('',(1.16580878761882E-16,0.,1.));
#3475=DIRECTION('',(0.,1.,0.));
#3476=DIRECTION('',(0.,0.,-1.));
#3477=DIRECTION('',(8.67361737988404E-15,0.,-1.));
#3478=DIRECTION('',(-1.,0.,0.));
#3479=DIRECTION('',(0.,0.,1.));
#3480=DIRECTION('',(0.,0.,1.));
#3481=DIRECTION('',(1.,0.,0.));
#3482=DIRECTION('',(0.,0.,-1.));
#3483=DIRECTION('',(0.,0.,-1.));
#3484=DIRECTION('',(0.,-1.,0.));
#3485=DIRECTION('',(0.,0.,-1.));
#3486=DIRECTION('',(0.,1.,0.));
#3487=DIRECTION('',(0.,0.,1.));
#3488=DIRECTION('',(0.,-1.,0.));
#3489=DIRECTION('',(0.,0.,-1.));
#3490=DIRECTION('',(0.,0.,1.));
#3491=DIRECTION('',(1.,0.,0.));
#3492=DIRECTION('',(0.,0.,1.));
#3493=DIRECTION('',(1.,0.,0.));
#3494=DIRECTION('',(1.,-4.33680868994202E-15,0.));
#3495=DIRECTION('',(4.33680868994202E-15,1.,0.));
#3496=DIRECTION('',(0.,1.,0.));
#3497=DIRECTION('',(0.,0.,1.));
#3498=DIRECTION('',(0.,-1.,0.));
#3499=DIRECTION('',(0.,0.,-1.));
#3500=DIRECTION('',(-1.,0.,-2.60208521396521E-16));
#3501=DIRECTION('',(-2.60208521396521E-16,0.,1.));
#3502=DIRECTION('',(-1.,0.,0.));
#3503=DIRECTION('',(0.,0.,1.));
#3504=DIRECTION('',(-1.15648231731787E-16,0.,1.));
#3505=DIRECTION('',(1.,0.,1.15648231731787E-16));
#3506=DIRECTION('',(0.,0.,-1.));
#3507=DIRECTION('',(-1.,0.,0.));
#3508=DIRECTION('',(0.,1.,0.));
#3509=DIRECTION('',(0.,0.,1.));
#3510=DIRECTION('',(0.,-1.,0.));
#3511=DIRECTION('',(0.,0.,-1.));
#3512=DIRECTION('',(0.,0.,1.));
#3513=DIRECTION('',(1.,0.,0.));
#3514=DIRECTION('',(0.,-4.33680868994202E-15,1.));
#3515=DIRECTION('',(0.,-1.,-4.33680868994202E-15));
#3516=DIRECTION('',(0.,0.,1.));
#3517=DIRECTION('',(1.,0.,0.));
#3518=DIRECTION('',(1.,0.,0.));
#3519=DIRECTION('',(0.,0.,-1.));
#3520=DIRECTION('',(1.15648231731787E-16,0.,-1.));
#3521=DIRECTION('',(-1.,0.,-1.15648231731787E-16));
#3522=DIRECTION('',(0.,0.,-1.));
#3523=DIRECTION('',(-1.,0.,0.));
#3524=DIRECTION('',(1.,0.,8.67361737988403E-17));
#3525=DIRECTION('',(8.67361737988403E-17,0.,-1.));
#3526=DIRECTION('',(-1.,-4.33680868994202E-15,0.));
#3527=DIRECTION('',(4.33680868994202E-15,-1.,0.));
#3528=DIRECTION('',(0.,0.,1.));
#3529=DIRECTION('',(1.,0.,0.));
#3530=DIRECTION('',(0.,-1.,0.));
#3531=DIRECTION('',(0.,0.,-1.));
#3532=DIRECTION('',(0.,1.,0.));
#3533=DIRECTION('',(0.,0.,1.));
#3534=DIRECTION('',(0.,0.,-1.));
#3535=DIRECTION('',(-1.,0.,0.));
#3536=DIRECTION('',(-1.,0.,0.));
#3537=DIRECTION('',(0.,1.,0.));
#3538=DIRECTION('',(0.,0.,1.));
#3539=DIRECTION('',(0.,1.,0.));
#3540=DIRECTION('',(0.,0.,1.));
#3541=DIRECTION('',(0.,1.,0.));
#3542=DIRECTION('',(0.,0.,1.));
#3543=DIRECTION('',(0.,0.,1.));
#3544=DIRECTION('',(1.,0.,0.));
#3545=DIRECTION('',(0.,-1.,-6.17124004428133E-17));
#3546=DIRECTION('',(0.,6.17124004428133E-17,-1.));
#3547=DIRECTION('',(0.,-1.,-6.17124004428133E-17));
#3548=DIRECTION('',(0.,6.17124004428133E-17,-1.));
#3549=DIRECTION('',(0.,-1.,-6.17124004428133E-17));
#3550=DIRECTION('',(0.,6.17124004428133E-17,-1.));
#3551=DIRECTION('',(0.,-1.,-6.17124004428133E-17));
#3552=DIRECTION('',(0.,6.17124004428133E-17,-1.));
#3553=DIRECTION('',(0.,-1.,-6.17124004428133E-17));
#3554=DIRECTION('',(0.,6.17124004428133E-17,-1.));
#3555=DIRECTION('',(0.,-1.,-6.17124004428133E-17));
#3556=DIRECTION('',(0.,6.17124004428133E-17,-1.));
#3557=DIRECTION('',(0.,-1.,-6.17124004428133E-17));
#3558=DIRECTION('',(0.,6.17124004428133E-17,-1.));
#3559=DIRECTION('',(0.,1.,6.17124004428133E-17));
#3560=DIRECTION('',(0.,-6.17124004428133E-17,1.));
#3561=DIRECTION('',(0.,-1.,-6.17124004428133E-17));
#3562=DIRECTION('',(0.,6.17124004428133E-17,-1.));
#3563=DIRECTION('',(0.,-1.,-6.17124004428133E-17));
#3564=DIRECTION('',(0.,6.17124004428133E-17,-1.));
#3565=DIRECTION('',(0.,-1.,-6.17124004428133E-17));
#3566=DIRECTION('',(0.,6.17124004428133E-17,-1.));
#3567=DIRECTION('',(0.,1.,6.17124004428133E-17));
#3568=DIRECTION('',(0.,-6.17124004428133E-17,1.));
#3569=DIRECTION('',(-3.73923135302366E-16,-1.,0.));
#3570=DIRECTION('',(1.,-3.73923135302366E-16,0.));
#3571=DIRECTION('',(0.,-1.,-6.17124004428133E-17));
#3572=DIRECTION('',(0.,6.17124004428133E-17,-1.));
#3573=DIRECTION('',(-3.73923135302366E-16,-1.,0.));
#3574=DIRECTION('',(1.,-3.73923135302366E-16,0.));
#3575=DIRECTION('',(-3.73923135302366E-16,-1.,0.));
#3576=DIRECTION('',(1.,-3.73923135302366E-16,0.));
#3577=DIRECTION('',(3.73923135302366E-16,1.,0.));
#3578=DIRECTION('',(-1.,3.73923135302366E-16,0.));
#3579=DIRECTION('',(0.,0.,1.));
#3580=DIRECTION('',(1.,-5.55111512312578E-17,0.));
#3581=DIRECTION('',(-1.,0.,-1.37676466347366E-16));
#3582=DIRECTION('',(-1.37676466347366E-16,0.,1.));
#3583=DIRECTION('',(-1.37676466347366E-16,0.,1.));
#3584=DIRECTION('',(0.,-1.,0.));
#3585=DIRECTION('',(-1.37676466347366E-16,0.,1.));
#3586=DIRECTION('',(0.,-1.,0.));
#3587=DIRECTION('',(-2.28253088944317E-16,0.,-1.));
#3588=DIRECTION('',(0.,1.,0.));
#3589=DIRECTION('',(0.,1.,0.));
#3590=DIRECTION('',(0.,0.,1.));
#3591=DIRECTION('',(0.,1.,0.));
#3592=DIRECTION('',(0.,0.,1.));
#3593=DIRECTION('',(1.37676466347366E-16,0.,-1.));
#3594=DIRECTION('',(-1.,0.,0.));
#3595=DIRECTION('',(0.,0.,-1.));
#3596=DIRECTION('',(-1.,0.,0.));
#3597=DIRECTION('',(0.,0.,1.));
#3598=DIRECTION('',(-1.,0.,2.35696124453371E-15));
#3599=DIRECTION('',(0.,1.,0.));
#3600=DIRECTION('',(0.,0.,1.));
#3601=DIRECTION('',(1.,0.,3.46944695195362E-16));
#3602=DIRECTION('',(0.,1.,0.));
#3603=DIRECTION('',(1.,0.,0.));
#3604=DIRECTION('',(0.,0.,-1.));
#3605=DIRECTION('',(-1.,0.,0.));
#3606=DIRECTION('',(0.,-1.,0.));
#3607=DIRECTION('',(1.,0.,0.));
#3608=DIRECTION('',(0.,1.,0.));
#3609=DIRECTION('',(-1.,0.,0.));
#3610=DIRECTION('',(0.,1.,0.));
#3611=DIRECTION('',(-1.,0.,0.));
#3612=DIRECTION('',(0.,1.,0.));
#3613=DIRECTION('',(-1.,0.,0.));
#3614=DIRECTION('',(1.,0.,0.));
#3615=DIRECTION('',(0.,-1.,0.));
#3616=DIRECTION('',(-3.46944695195362E-16,0.,1.));
#3617=DIRECTION('',(1.,0.,3.46944695195362E-16));
#3618=DIRECTION('',(0.,-1.,0.));
#3619=DIRECTION('',(0.,-1.,0.));
#3620=DIRECTION('',(1.,0.,3.46944695195362E-16));
#3621=DIRECTION('',(0.,1.,0.));
#3622=DIRECTION('',(0.,0.,1.));
#3623=DIRECTION('',(0.,1.,0.));
#3624=DIRECTION('',(1.,0.,0.));
#3625=DIRECTION('',(1.,0.,1.37676466347366E-16));
#3626=DIRECTION('',(1.37676466347366E-16,0.,-1.));
#3627=DIRECTION('',(0.,-1.,0.));
#3628=DIRECTION('',(1.37676466347366E-16,0.,-1.));
#3629=DIRECTION('',(2.28253088944317E-16,0.,1.));
#3630=DIRECTION('',(0.,-1.,0.));
#3631=DIRECTION('',(0.,1.,0.));
#3632=DIRECTION('',(0.,0.,1.));
#3633=DIRECTION('',(0.,1.,0.));
#3634=DIRECTION('',(-1.,0.,0.));
#3635=DIRECTION('',(0.,1.,0.));
#3636=DIRECTION('',(1.,0.,0.));
#3637=DIRECTION('',(0.,0.,1.));
#3638=DIRECTION('',(1.,0.,0.));
#3639=DIRECTION('',(0.,0.,-1.));
#3640=DIRECTION('',(0.,0.,1.));
#3641=DIRECTION('',(1.,0.,0.));
#3642=DIRECTION('',(-1.,0.,0.));
#3643=DIRECTION('',(0.,-1.,0.));
#3644=DIRECTION('',(-1.,0.,0.));
#3645=DIRECTION('',(0.,0.,1.));
#3646=DIRECTION('',(0.,0.,-1.));
#3647=DIRECTION('',(0.,-1.,0.));
#3648=DIRECTION('',(0.,0.,-1.));
#3649=DIRECTION('',(1.,0.,0.));
#3650=DIRECTION('',(0.,0.,-1.));
#3651=DIRECTION('',(0.,0.,1.));
#3652=DIRECTION('',(0.,-1.,0.));
#3653=DIRECTION('',(2.35696124453371E-15,0.,1.));
#3654=DIRECTION('',(1.,0.,-2.35696124453371E-15));
#3655=DIRECTION('',(-1.,0.,2.35696124453371E-15));
#3656=DIRECTION('',(0.,-1.,0.));
#3657=DIRECTION('',(0.,0.,-1.));
#3658=DIRECTION('',(-1.,0.,0.));
#3659=DIRECTION('',(0.,0.,1.));
#3660=DIRECTION('',(0.,0.,1.));
#3661=DIRECTION('',(0.,1.,0.));
#3662=DIRECTION('',(0.,0.,1.));
#3663=DIRECTION('',(1.,0.,0.));
#3664=DIRECTION('',(1.,0.,0.));
#3665=DIRECTION('',(0.,1.,0.));
#3666=DIRECTION('',(1.,0.,0.));
#3667=DIRECTION('',(0.,0.,-1.));
#3668=DIRECTION('',(0.,0.,-1.));
#3669=DIRECTION('',(0.,1.,0.));
#3670=DIRECTION('',(0.,0.,1.));
#3671=DIRECTION('',(0.,-1.,0.));
#3672=DIRECTION('',(0.,0.,-1.));
#3673=DIRECTION('',(0.,-1.,0.));
#3674=DIRECTION('',(0.,0.,-1.));
#3675=DIRECTION('',(1.42872305637942E-31,2.6890435281094E-16,1.));
#3676=DIRECTION('',(1.,1.33333628951711E-16,-1.78726298839135E-31));
#3677=DIRECTION('',(0.,1.,0.));
#3678=DIRECTION('',(0.,0.,1.));
#3679=DIRECTION('',(0.,-1.,0.));
#3680=DIRECTION('',(1.,0.,0.));
#3681=DIRECTION('',(0.,1.,0.));
#3682=DIRECTION('',(0.,-1.,0.));
#3683=DIRECTION('',(1.,0.,0.));
#3684=DIRECTION('',(0.,1.,0.));
#3685=DIRECTION('',(1.,0.,-1.44560289664734E-16));
#3686=DIRECTION('',(-1.44560289664734E-16,0.,-1.));
#3687=DIRECTION('',(-1.44560289664734E-16,0.,-1.));
#3688=DIRECTION('',(0.,1.,0.));
#3689=DIRECTION('',(-1.44560289664734E-16,0.,-1.));
#3690=DIRECTION('',(0.,0.,1.));
#3691=DIRECTION('',(1.,0.,0.));
#3692=DIRECTION('',(1.,0.,0.));
#3693=DIRECTION('',(0.,1.,0.));
#3694=DIRECTION('',(1.,0.,0.));
#3695=DIRECTION('',(1.,0.,0.));
#3696=DIRECTION('',(0.,0.,-1.));
#3697=DIRECTION('',(0.,0.,-1.));
#3698=DIRECTION('',(0.,1.,0.));
#3699=DIRECTION('',(0.,0.,-1.));
#3700=DIRECTION('',(0.,0.,1.));
#3701=DIRECTION('',(1.,0.,0.));
#3702=DIRECTION('',(1.,0.,0.));
#3703=DIRECTION('',(0.,1.,0.));
#3704=DIRECTION('',(1.,0.,0.));
#3705=DIRECTION('',(0.,1.,0.));
#3706=DIRECTION('',(-1.,0.,0.));
#3707=DIRECTION('',(0.,0.,1.));
#3708=DIRECTION('',(0.,0.,1.));
#3709=DIRECTION('',(0.,1.,0.));
#3710=DIRECTION('',(0.,0.,1.));
#3711=DIRECTION('',(0.,1.,0.));
#3712=DIRECTION('',(0.,0.,1.));
#3713=DIRECTION('',(1.,0.,0.));
#3714=DIRECTION('',(1.,0.,0.));
#3715=DIRECTION('',(0.,1.,0.));
#3716=DIRECTION('',(1.,0.,0.));
#3717=DIRECTION('',(-1.,0.,0.));
#3718=DIRECTION('',(0.,0.,1.));
#3719=DIRECTION('',(0.,0.,1.));
#3720=DIRECTION('',(0.,0.,1.));
#3721=DIRECTION('',(0.,-1.,0.));
#3722=DIRECTION('',(0.,0.,-1.));
#3723=DIRECTION('',(0.,-1.,0.));
#3724=DIRECTION('',(0.,0.,-1.));
#3725=DIRECTION('',(0.,-1.,0.));
#3726=DIRECTION('',(0.,0.,-1.));
#3727=DIRECTION('',(0.,-1.,0.));
#3728=DIRECTION('',(0.,0.,-1.));
#3729=DIRECTION('',(0.,-1.,0.));
#3730=DIRECTION('',(0.,0.,-1.));
#3731=DIRECTION('',(0.,1.,0.));
#3732=DIRECTION('',(-1.,0.,0.));
#3733=DIRECTION('',(0.,-1.,0.));
#3734=DIRECTION('',(0.,0.,-1.));
#3735=DIRECTION('',(0.,-1.,0.));
#3736=DIRECTION('',(0.,0.,-1.));
#3737=DIRECTION('',(0.,1.,0.));
#3738=DIRECTION('',(0.,0.,1.));
#3739=DIRECTION('',(0.,1.,0.));
#3740=DIRECTION('',(0.,0.,1.));
#3741=DIRECTION('',(0.,1.,0.));
#3742=DIRECTION('',(0.,0.,1.));
#3743=DIRECTION('',(-1.59594559789866E-16,-9.78480063626787E-17,1.));
#3744=DIRECTION('',(1.,-8.72472883516058E-17,1.59594559789866E-16));
#3745=DIRECTION('',(0.,-1.,0.));
#3746=DIRECTION('',(0.,0.,-1.));
#3747=DIRECTION('',(-1.,0.,0.));
#3748=DIRECTION('',(0.,0.,1.));
#3749=DIRECTION('',(-1.,0.,0.));
#3750=DIRECTION('',(0.,0.,-1.));
#3751=DIRECTION('',(-3.25260651745651E-16,1.,0.));
#3752=DIRECTION('',(-1.,-3.25260651745651E-16,0.));
#3753=DIRECTION('',(0.,0.,-1.));
#3754=DIRECTION('',(1.,3.25260651745651E-16,0.));
#3755=DIRECTION('',(0.,0.,-1.));
#3756=DIRECTION('',(1.,3.25260651745651E-16,0.));
#3757=DIRECTION('',(1.,0.,0.));
#3758=DIRECTION('',(0.,0.,-1.));
#3759=DIRECTION('',(-0.998052578482889,0.0623782861551805,0.));
#3760=DIRECTION('',(0.0623782861551805,0.998052578482889,0.));
#3761=DIRECTION('',(1.,0.,0.));
#3762=DIRECTION('',(0.998052578482889,0.0623782861551806,0.));
#3763=DIRECTION('',(0.0623782861551806,-0.998052578482889,0.));
#3764=DIRECTION('',(1.,0.,0.));
#3765=DIRECTION('',(0.,0.,-1.));
#3766=DIRECTION('',(-1.,0.,0.));
#3767=DIRECTION('',(-1.20466908053945E-16,-1.,0.));
#3768=DIRECTION('',(0.,-1.,0.));
#3769=DIRECTION('',(-1.,0.,0.));
#3770=DIRECTION('',(0.,-1.,0.));
#3771=DIRECTION('',(-1.,0.,0.));
#3772=DIRECTION('',(-1.20466908053945E-16,1.,0.));
#3773=DIRECTION('',(1.,3.25260651745651E-16,0.));
#3774=DIRECTION('',(-1.17211045674109E-16,1.,0.));
#3775=DIRECTION('',(-1.,-1.0842021724855E-16,0.));
#3776=DIRECTION('',(0.0933407086930589,-0.995634226059288,0.));
#3777=DIRECTION('',(1.,0.,0.));
#3778=DIRECTION('',(0.0933407086930589,0.995634226059288,0.));
#3779=DIRECTION('',(-1.,-1.0842021724855E-16,0.));
#3780=DIRECTION('',(1.17211045674109E-16,-1.,0.));
#3781=DIRECTION('',(0.,0.,-1.));
#3782=DIRECTION('',(-1.,0.,0.));
#3783=DIRECTION('',(-1.20466908053945E-16,-1.,0.));
#3784=DIRECTION('',(1.17211045674109E-16,-1.,0.));
#3785=DIRECTION('',(-1.,-1.0842021724855E-16,0.));
#3786=DIRECTION('',(-0.093340708693059,-0.995634226059288,0.));
#3787=DIRECTION('',(-0.093340708693059,0.995634226059288,0.));
#3788=DIRECTION('',(-1.,-1.0842021724855E-16,0.));
#3789=DIRECTION('',(-1.17211045674109E-16,1.,0.));
#3790=DIRECTION('',(1.,3.25260651745651E-16,0.));
#3791=DIRECTION('',(-1.20466908053945E-16,1.,0.));
#3792=DIRECTION('',(-1.,0.,0.));
#3793=DIRECTION('',(0.,-1.,0.));
#3794=DIRECTION('',(1.,0.,0.));
#3795=DIRECTION('',(0.,-1.,0.));
#3796=DIRECTION('',(0.,0.990621408597855,0.136635371802479));
#3797=DIRECTION('',(1.,0.,0.));
#3798=DIRECTION('',(1.,0.,0.));
#3799=DIRECTION('',(-0.00853939936839666,-0.136630389894347,0.990585289218321));
#3800=DIRECTION('',(1.,0.,0.));
#3801=DIRECTION('',(-0.00853939936839668,0.136630389894347,-0.990585289218321));
#3802=DIRECTION('',(1.,0.,0.));
#3803=DIRECTION('',(0.,0.,-1.));
#3804=DIRECTION('',(-0.998052578482889,0.0623782861551805,0.));
#3805=DIRECTION('',(0.0623782861551805,0.998052578482889,0.));
#3806=DIRECTION('',(1.,0.,0.));
#3807=DIRECTION('',(0.998052578482889,0.0623782861551806,0.));
#3808=DIRECTION('',(0.0623782861551806,-0.998052578482889,0.));
#3809=DIRECTION('',(0.,0.615540017180955,-0.788105632037273));
#3810=DIRECTION('',(0.,0.788105632037273,0.615540017180955));
#3811=DIRECTION('',(0.0491969570138535,0.787151312221657,0.614794657660833));
#3812=DIRECTION('',(1.,0.,0.));
#3813=DIRECTION('',(0.0491969570138536,-0.787151312221657,-0.614794657660833));
#3814=DIRECTION('',(1.,0.,0.));
#3815=DIRECTION('',(0.,0.,-1.));
#3816=DIRECTION('',(-0.998052578482889,0.0623782861551805,0.));
#3817=DIRECTION('',(0.0623782861551805,0.998052578482889,0.));
#3818=DIRECTION('',(1.,0.,0.));
#3819=DIRECTION('',(0.998052578482889,0.0623782861551806,0.));
#3820=DIRECTION('',(0.0623782861551806,-0.998052578482889,0.));
#3821=DIRECTION('',(0.,-0.518065882226839,-0.855340716716167));
#3822=DIRECTION('',(0.,0.855340716716167,-0.518065882226839));
#3823=DIRECTION('',(0.0533825697210408,0.854121115536653,-0.517327189740112));
#3824=DIRECTION('',(1.,0.,0.));
#3825=DIRECTION('',(0.0533825697210408,-0.854121115536653,0.517327189740112));
#3826=DIRECTION('',(1.,0.,0.));
#3827=DIRECTION('',(0.,0.,-1.));
#3828=DIRECTION('',(-0.998052578482889,0.0623782861551805,0.));
#3829=DIRECTION('',(0.0623782861551805,0.998052578482889,0.));
#3830=DIRECTION('',(1.,0.,0.));
#3831=DIRECTION('',(0.998052578482889,0.0623782861551806,0.));
#3832=DIRECTION('',(0.0623782861551806,-0.998052578482889,0.));
#3833=DIRECTION('',(0.,0.136635371802479,-0.990621408597855));
#3834=DIRECTION('',(0.,0.990621408597855,0.136635371802479));
#3835=DIRECTION('',(0.,0.136635371802479,-0.990621408597855));
#3836=DIRECTION('',(0.,0.990621408597855,0.136635371802479));
#3837=DIRECTION('',(0.0617955102402069,0.988728163843311,0.136374238539353));
#3838=DIRECTION('',(0.0617955102402069,-0.988728163843311,-0.136374238539353));
#3839=DIRECTION('',(0.,0.615540017180955,-0.788105632037273));
#3840=DIRECTION('',(0.,0.788105632037273,0.615540017180955));
#3841=DIRECTION('',(0.0491969570138535,0.787151312221657,0.614794657660833));
#3842=DIRECTION('',(0.0491969570138536,-0.787151312221657,-0.614794657660833));
#3843=DIRECTION('',(1.,0.,0.));
#3844=DIRECTION('',(1.,0.,0.));
#3845=DIRECTION('',(0.,0.,-1.));
#3846=DIRECTION('',(-0.998052578482889,0.0623782861551805,0.));
#3847=DIRECTION('',(0.0623782861551805,0.998052578482889,0.));
#3848=DIRECTION('',(0.998052578482889,0.0623782861551806,0.));
#3849=DIRECTION('',(0.0623782861551806,-0.998052578482889,0.));
#3850=DIRECTION('',(1.,0.,0.));
#3851=DIRECTION('',(0.,-0.518065882226839,-0.855340716716167));
#3852=DIRECTION('',(0.,0.855340716716167,-0.518065882226839));
#3853=DIRECTION('',(0.0533825697210408,0.854121115536653,-0.517327189740112));
#3854=DIRECTION('',(0.0533825697210408,-0.854121115536653,0.517327189740112));
#3855=DIRECTION('',(1.,0.,0.));
#3856=DIRECTION('',(1.,0.,0.));
#3857=DIRECTION('',(0.,0.,-1.));
#3858=DIRECTION('',(0.998052578482889,0.0623782861551806,0.));
#3859=DIRECTION('',(0.0623782861551806,-0.998052578482889,0.));
#3860=DIRECTION('',(1.,0.,0.));
#3861=DIRECTION('',(-0.998052578482889,0.0623782861551805,0.));
#3862=DIRECTION('',(0.0623782861551805,0.998052578482889,0.));
#3863=DIRECTION('',(0.,0.136635371802479,-0.990621408597855));
#3864=DIRECTION('',(0.,0.990621408597855,0.136635371802479));
#3865=DIRECTION('',(0.,0.136635371802479,-0.990621408597855));
#3866=DIRECTION('',(0.,0.990621408597855,0.136635371802479));
#3867=DIRECTION('',(0.0617955102402069,0.988728163843311,0.136374238539353));
#3868=DIRECTION('',(0.0617955102402069,-0.988728163843311,-0.136374238539353));
#3869=DIRECTION('',(1.0842021724855E-16,-1.,0.));
#3870=DIRECTION('',(1.,1.0842021724855E-16,0.));
#3871=DIRECTION('',(0.,-6.06451215185237E-17,1.));
#3872=DIRECTION('',(0.,0.,-1.));
#3873=DIRECTION('',(1.,1.17211045674109E-16,0.));
#3874=DIRECTION('',(-1.17211045674109E-16,1.,0.));
#3875=DIRECTION('',(0.,0.,-1.));
#3876=DIRECTION('',(1.0842021724855E-16,-1.,0.));
#3877=DIRECTION('',(1.,1.0842021724855E-16,0.));
#3878=DIRECTION('',(0.,-6.06451215185237E-17,1.));
#3879=DIRECTION('',(-1.,-1.17211045674109E-16,0.));
#3880=DIRECTION('',(1.17211045674109E-16,-1.,0.));
#3881=DIRECTION('',(0.,0.,-1.));
#3882=DIRECTION('',(-3.25260651745651E-16,1.,0.));
#3883=DIRECTION('',(-1.,-3.25260651745651E-16,0.));
#3884=DIRECTION('',(0.,0.,-1.));
#3885=DIRECTION('',(-0.998052578482889,0.0623782861551805,0.));
#3886=DIRECTION('',(-0.0623782861551805,-0.998052578482889,0.));
#3887=DIRECTION('',(0.,0.,1.));
#3888=DIRECTION('',(0.998052578482889,0.0623782861551806,0.));
#3889=DIRECTION('',(-0.0623782861551806,0.998052578482889,0.));
#3890=DIRECTION('',(0.,0.,1.));
#3891=DIRECTION('',(0.995634226059288,-0.093340708693059,0.));
#3892=DIRECTION('',(0.093340708693059,0.995634226059288,0.));
#3893=DIRECTION('',(-0.995634226059288,-0.093340708693059,0.));
#3894=DIRECTION('',(0.093340708693059,-0.995634226059288,0.));
#3895=DIRECTION('',(1.,-1.20466908053945E-16,0.));
#3896=DIRECTION('',(1.20466908053945E-16,1.,0.));
#3897=DIRECTION('',(0.,-1.,0.));
#3898=DIRECTION('',(0.,0.,-1.));
#3899=DIRECTION('',(0.,0.,-1.));
#3900=DIRECTION('',(0.,0.,-1.));
#3901=DIRECTION('',(-1.,-1.20466908053945E-16,0.));
#3902=DIRECTION('',(1.20466908053945E-16,-1.,0.));
#3903=DIRECTION('',(1.,0.,0.));
#3904=DIRECTION('',(0.,0.,-1.));
#3905=DIRECTION('',(-7.95318547454962E-17,-6.12323399573677E-17,-1.));
#3906=DIRECTION('',(0.,-1.,6.62765456212468E-17));
#3907=DIRECTION('',(-7.95318547454962E-17,-6.12323399573677E-17,-1.));
#3908=DIRECTION('',(1.,6.12323399573677E-17,0.));
#3909=DIRECTION('',(0.,0.,-1.));
#3910=DIRECTION('',(1.,6.12323399573677E-17,0.));
#3911=DIRECTION('',(0.,0.,1.));
#3912=DIRECTION('',(-1.,0.,0.));
#3913=DIRECTION('',(0.,0.,1.));
#3914=DIRECTION('',(7.95318547454962E-17,6.12323399573677E-17,1.));
#3915=DIRECTION('',(0.,-1.,6.62765456212468E-17));
#3916=DIRECTION('',(7.95318547454962E-17,6.12323399573677E-17,1.));
#3917=DIRECTION('',(1.,6.12323399573677E-17,0.));
#3918=DIRECTION('',(0.,0.,1.));
#3919=DIRECTION('',(-1.,-6.12323399573677E-17,0.));
#3920=DIRECTION('',(0.,0.,-1.));
#3921=DIRECTION('',(0.,1.,-6.12323399573677E-17));
#3922=DIRECTION('',(0.,6.12323399573677E-17,1.));
#3923=DIRECTION('',(0.,1.,-6.12323399573677E-17));
#3924=DIRECTION('',(0.,6.12323399573677E-17,1.));
#3925=DIRECTION('',(-1.,0.,0.));
#3926=DIRECTION('',(0.,1.,-6.12323399573677E-17));
#3927=DIRECTION('',(0.,6.12323399573677E-17,1.));
#3928=DIRECTION('',(1.,0.,0.));
#3929=DIRECTION('',(0.,1.,-6.12323399573677E-17));
#3930=DIRECTION('',(0.,6.12323399573677E-17,1.));
#3931=DIRECTION('',(-1.,0.,0.));
#3932=DIRECTION('',(0.,1.,-6.12323399573677E-17));
#3933=DIRECTION('',(0.,6.12323399573677E-17,1.));
#3934=DIRECTION('',(1.,0.,0.));
#3935=DIRECTION('',(0.,1.,-6.12323399573677E-17));
#3936=DIRECTION('',(0.,6.12323399573677E-17,1.));
#3937=DIRECTION('',(0.,6.62765456212468E-17,1.));
#3938=DIRECTION('',(0.,-1.,6.62765456212468E-17));
#3939=DIRECTION('',(0.,-1.,6.62765456212468E-17));
#3940=DIRECTION('',(0.,-1.,6.62765456212468E-17));
#3941=DIRECTION('',(1.,6.12323399573677E-17,0.));
#3942=DIRECTION('',(0.,0.,-1.));
#3943=DIRECTION('',(1.,6.12323399573677E-17,0.));
#3944=DIRECTION('',(0.,0.,-1.));
#3945=DIRECTION('',(0.,1.,-6.62765456212468E-17));
#3946=DIRECTION('',(0.,6.62765456212468E-17,1.));
#3947=DIRECTION('',(0.,1.,-6.62765456212468E-17));
#3948=DIRECTION('',(0.,6.62765456212468E-17,1.));
#3949=DIRECTION('',(0.,-0.136635371802479,0.990621408597855));
#3950=DIRECTION('',(0.,-0.990621408597855,-0.136635371802479));
#3951=DIRECTION('',(0.,-0.136635371802479,0.990621408597855));
#3952=DIRECTION('',(0.,-0.990621408597855,-0.136635371802479));
#3953=DIRECTION('',(0.,-0.136635371802479,0.990621408597855));
#3954=DIRECTION('',(0.,-0.990621408597855,-0.136635371802479));
#3955=DIRECTION('',(0.,-0.136635371802479,0.990621408597855));
#3956=DIRECTION('',(0.,-0.990621408597855,-0.136635371802479));
#3957=DIRECTION('',(0.,-0.136635371802479,0.990621408597855));
#3958=DIRECTION('',(0.,-0.990621408597855,-0.136635371802479));
#3959=DIRECTION('',(0.,0.136635371802479,-0.990621408597855));
#3960=DIRECTION('',(0.,0.990621408597855,0.136635371802479));
#3961=DIRECTION('',(0.,0.136635371802479,-0.990621408597855));
#3962=DIRECTION('',(0.,0.990621408597855,0.136635371802479));
#3963=DIRECTION('',(0.,0.136635371802479,-0.990621408597855));
#3964=DIRECTION('',(0.,0.990621408597855,0.136635371802479));
#3965=DIRECTION('',(5.62928498717181E-17,1.00443000511753E-17,1.));
#3966=DIRECTION('',(1.,-3.33066907387547E-16,-5.62928498717181E-17));
#3967=DIRECTION('',(0.,0.,1.));
#3968=DIRECTION('',(1.,0.,0.));
#3969=DIRECTION('',(0.,-1.,0.));
#3970=DIRECTION('',(-1.,-2.07463237525466E-33,0.));
#3971=DIRECTION('',(0.,-1.,0.));
#3972=DIRECTION('',(1.,0.,0.));
#3973=DIRECTION('',(1.20466908053945E-16,-1.,0.));
#3974=DIRECTION('',(1.,1.20466908053945E-16,0.));
#3975=DIRECTION('',(-1.,-1.20466908053945E-16,0.));
#3976=DIRECTION('',(0.,0.,-1.));
#3977=DIRECTION('',(-1.,-1.20466908053945E-16,0.));
#3978=DIRECTION('',(3.09772049281573E-16,-1.,0.));
#3979=DIRECTION('',(0.,0.,-1.));
#3980=DIRECTION('',(-6.12323399573677E-17,8.02658909140748E-17,1.));
#3981=DIRECTION('',(-6.12323399573677E-17,8.02658909140748E-17,1.));
#3982=DIRECTION('',(3.09772049281573E-16,-1.,0.));
#3983=DIRECTION('',(1.,3.09772049281573E-16,0.));
#3984=DIRECTION('',(-1.54886024640786E-16,1.,0.));
#3985=DIRECTION('',(-1.,-1.54886024640786E-16,0.));
#3986=DIRECTION('',(1.,1.54886024640786E-16,0.));
#3987=DIRECTION('',(0.,0.,-1.));
#3988=DIRECTION('',(1.,1.54886024640786E-16,0.));
#3989=DIRECTION('',(3.09772049281573E-16,-1.,0.));
#3990=DIRECTION('',(1.,3.09772049281573E-16,0.));
#3991=DIRECTION('',(6.12323399573677E-17,-6.01994181855561E-17,-1.));
#3992=DIRECTION('',(1.,0.,0.));
#3993=DIRECTION('',(6.12323399573677E-17,-6.01994181855561E-17,-1.));
#3994=DIRECTION('',(-3.09772049281573E-16,1.,0.));
#3995=DIRECTION('',(0.,0.,-1.));
#3996=DIRECTION('',(0.,0.,-1.));
#3997=DIRECTION('',(-1.,0.,0.));
#3998=DIRECTION('',(3.61400724161835E-16,-1.,0.));
#3999=DIRECTION('',(0.,0.,-1.));
#4000=DIRECTION('',(-1.,0.,0.));
#4001=DIRECTION('',(1.,1.39897054514259E-16,0.));
#4002=DIRECTION('',(0.,0.,-1.));
#4003=DIRECTION('',(-1.,0.,0.));
#4004=DIRECTION('',(-7.22801448323671E-16,1.,0.));
#4005=DIRECTION('',(0.,0.,-1.));
#4006=DIRECTION('',(-1.,0.,0.));
#4007=DIRECTION('',(0.,-1.,0.));
#4008=DIRECTION('',(0.,0.,-1.));
#4009=DIRECTION('',(-1.,0.,0.));
#4010=DIRECTION('',(0.,-1.,0.));
#4011=DIRECTION('',(0.,0.,-1.));
#4012=DIRECTION('',(-1.,0.,0.));
#4013=DIRECTION('',(1.,7.74430123203932E-16,0.));
#4014=DIRECTION('',(0.,0.,-1.));
#4015=DIRECTION('',(-1.,0.,0.));
#4016=DIRECTION('',(1.,0.,0.));
#4017=DIRECTION('',(0.,0.,-1.));
#4018=DIRECTION('',(0.,0.,-1.));
#4019=DIRECTION('',(0.,-1.,0.));
#4020=DIRECTION('',(0.,0.,-1.));
#4021=DIRECTION('',(-1.,-7.22801448323671E-16,0.));
#4022=DIRECTION('',(7.22801448323671E-16,-1.,0.));
#4023=DIRECTION('',(0.,0.,-1.));
#4024=DIRECTION('',(-7.22801448323671E-16,1.,0.));
#4025=DIRECTION('',(0.,0.,-1.));
#4026=DIRECTION('',(-1.39897054514259E-16,1.,0.));
#4027=DIRECTION('',(-1.,-1.39897054514259E-16,0.));
#4028=DIRECTION('',(0.,0.,-1.));
#4029=DIRECTION('',(1.,1.39897054514259E-16,0.));
#4030=DIRECTION('',(0.,0.,-1.));
#4031=DIRECTION('',(1.,3.61400724161835E-16,0.));
#4032=DIRECTION('',(-3.61400724161835E-16,1.,0.));
#4033=DIRECTION('',(0.,0.,-1.));
#4034=DIRECTION('',(3.61400724161835E-16,-1.,0.));
#4035=DIRECTION('',(0.,0.,-1.));
#4036=DIRECTION('',(-7.74430123203932E-16,1.,0.));
#4037=DIRECTION('',(-1.,-7.74430123203932E-16,0.));
#4038=DIRECTION('',(1.,7.74430123203932E-16,0.));
#4039=DIRECTION('',(0.,0.,-1.));
#4040=DIRECTION('',(0.,0.,-1.));
#4041=DIRECTION('',(0.,0.,-1.));
#4042=DIRECTION('',(-1.,0.,0.));
#4043=DIRECTION('',(0.,0.,-1.));
#4044=DIRECTION('',(-1.,0.,0.));
#4045=DIRECTION('',(0.,0.,-1.));
#4046=DIRECTION('',(-1.,0.,0.));
#4047=DIRECTION('',(0.,0.,-1.));
#4048=DIRECTION('',(-1.,0.,0.));
#4049=DIRECTION('',(0.,0.,-1.));
#4050=DIRECTION('',(-1.,0.,0.));
#4051=DIRECTION('',(0.,-1.,0.));
#4052=DIRECTION('',(0.,0.,-1.));
#4053=DIRECTION('',(-1.,0.,0.));
#4054=DIRECTION('',(0.,0.,-1.));
#4055=DIRECTION('',(-1.,0.,0.));
#4056=DIRECTION('',(-1.,0.,-6.12323399573677E-17));
#4057=DIRECTION('',(-6.12323399573677E-17,0.,1.));
#4058=DIRECTION('',(0.,-1.,0.));
#4059=DIRECTION('',(-1.,0.,-6.12323399573677E-17));
#4060=DIRECTION('',(-6.12323399573677E-17,0.,1.));
#4061=DIRECTION('',(6.12323399573677E-17,-1.01643953670516E-16,-1.));
#4062=DIRECTION('',(-1.,0.,-6.12323399573677E-17));
#4063=DIRECTION('',(-6.12323399573677E-17,0.,1.));
#4064=DIRECTION('',(0.,-1.,0.));
#4065=DIRECTION('',(-1.,0.,-6.12323399573677E-17));
#4066=DIRECTION('',(-6.12323399573677E-17,0.,1.));
#4067=DIRECTION('',(-6.12323399573677E-17,-3.3881317890172E-17,1.));
#4068=DIRECTION('',(-1.,0.,-6.12323399573677E-17));
#4069=DIRECTION('',(-6.12323399573677E-17,0.,1.));
#4070=DIRECTION('',(0.,1.,0.));
#4071=DIRECTION('',(-1.,0.,-6.12323399573677E-17));
#4072=DIRECTION('',(-6.12323399573677E-17,0.,1.));
#4073=DIRECTION('',(0.,-1.,0.));
#4074=DIRECTION('',(-1.,0.,-6.12323399573677E-17));
#4075=DIRECTION('',(-6.12323399573677E-17,0.,1.));
#4076=DIRECTION('',(6.12323399573677E-17,-1.01643953670516E-16,-1.));
#4077=DIRECTION('',(-1.,0.,-6.12323399573677E-17));
#4078=DIRECTION('',(-6.12323399573677E-17,0.,1.));
#4079=DIRECTION('',(0.,-1.,0.));
#4080=DIRECTION('',(0.,1.,0.));
#4081=DIRECTION('',(-1.,0.,-6.12323399573677E-17));
#4082=DIRECTION('',(-6.12323399573677E-17,0.,1.));
#4083=DIRECTION('',(-6.12323399573677E-17,-3.3881317890172E-17,1.));
#4084=DIRECTION('',(-1.,0.,-6.12323399573677E-17));
#4085=DIRECTION('',(-6.12323399573677E-17,0.,1.));
#4086=DIRECTION('',(0.,0.,1.));
#4087=DIRECTION('',(1.,0.,0.));
#4088=DIRECTION('',(-1.,6.22389712576397E-33,0.));
#4089=DIRECTION('',(3.09772049281573E-16,-1.,0.));
#4090=DIRECTION('',(0.,0.,-1.));
#4091=DIRECTION('',(3.09772049281573E-16,-1.,0.));
#4092=DIRECTION('',(0.,0.,-1.));
#4093=DIRECTION('',(6.22389712576397E-33,1.,-1.01643953670516E-16));
#4094=DIRECTION('',(0.,1.01643953670516E-16,1.));
#4095=DIRECTION('',(-1.,6.22389712576397E-33,0.));
#4096=DIRECTION('',(-1.,1.3684555315672E-48,-6.12323399573677E-17));
#4097=DIRECTION('',(6.12323399573677E-17,0.,-1.));
#4098=DIRECTION('',(-1.,0.,-6.12323399573677E-17));
#4099=DIRECTION('',(-1.,1.3684555315672E-48,-6.12323399573677E-17));
#4100=DIRECTION('',(-1.,0.,-6.12323399573677E-17));
#4101=DIRECTION('',(2.07463237525466E-33,-1.,-3.3881317890172E-17));
#4102=DIRECTION('',(0.,3.3881317890172E-17,-1.));
#4103=DIRECTION('',(-1.,-2.07463237525466E-33,0.));
#4104=DIRECTION('',(-1.,0.,-6.12323399573677E-17));
#4105=DIRECTION('',(-1.,1.3684555315672E-48,-6.12323399573677E-17));
#4106=DIRECTION('',(-6.12323399573677E-17,0.,1.));
#4107=DIRECTION('',(-1.,0.,-6.12323399573677E-17));
#4108=DIRECTION('',(-6.12323399573677E-17,0.,1.));
#4109=DIRECTION('',(0.,0.,-1.));
#4110=DIRECTION('',(-1.,0.,0.));
#4111=DIRECTION('',(0.,0.,-1.));
#4112=DIRECTION('',(-1.,0.,0.));
#4113=DIRECTION('',(-1.,-2.07463237525466E-33,0.));
#4114=DIRECTION('',(2.07463237525466E-33,-1.,0.));
#4115=DIRECTION('',(-1.,6.22389712576397E-33,0.));
#4116=DIRECTION('',(-6.22389712576397E-33,-1.,0.));
#4117=DIRECTION('',(0.,0.,1.));
#4118=DIRECTION('',(1.,0.,0.));
#4119=DIRECTION('',(0.,0.,-1.));
#4120=DIRECTION('',(-1.,0.,0.));
#4121=DIRECTION('',(0.,0.,-1.));
#4122=DIRECTION('',(-1.,0.,0.));
#4123=DIRECTION('',(0.,0.,1.));
#4124=DIRECTION('',(1.,0.,0.));
#4125=DIRECTION('',(-1.25662234591025E-15,5.78210070200739E-17,1.));
#4126=DIRECTION('',(-1.,1.66533453693774E-16,-1.25662234591025E-15));
#4127=CARTESIAN_POINT('',(0.,0.,0.));
#4128=CARTESIAN_POINT('',(0.,-1.1,0.));
#4129=CARTESIAN_POINT('',(1.625,-1.1,-0.450000000000001));
#4130=CARTESIAN_POINT('',(1.625,-1.1,-0.450000000000001));
#4131=CARTESIAN_POINT('',(1.62499999999998,-1.1,-2.71));
#4132=CARTESIAN_POINT('',(2.,-1.1,-2.71));
#4133=CARTESIAN_POINT('',(-1.62499999999998,-1.1,-2.71));
#4134=CARTESIAN_POINT('',(-1.625,-1.1,-2.31));
#4135=CARTESIAN_POINT('',(-1.625,-1.1,-0.450000000000001));
#4136=CARTESIAN_POINT('',(-1.625,-1.1,-0.450000000000001));
#4137=CARTESIAN_POINT('',(-1.39731886124821,-1.1,-0.450000000000001));
#4138=CARTESIAN_POINT('',(6.12323399573684E-18,-1.1,1.05));
#4139=CARTESIAN_POINT('',(1.39731886124821,-1.1,-0.450000000000001));
#4140=CARTESIAN_POINT('',(-1.625,-1.1,-0.450000000000001));
#4141=CARTESIAN_POINT('',(1.625,-1.1,-2.31));
#4142=CARTESIAN_POINT('',(1.62499999999998,0.0999999999999994,-2.31));
#4143=CARTESIAN_POINT('',(1.62499999999998,0.0999999999999994,-2.31));
#4144=CARTESIAN_POINT('',(2.,0.099999999999999,-2.31));
#4145=CARTESIAN_POINT('',(1.625,-1.1,-2.31));
#4146=CARTESIAN_POINT('',(1.625,7.5,-2.31));
#4147=CARTESIAN_POINT('',(1.625,7.5,-2.31));
#4148=CARTESIAN_POINT('',(2.,7.5,-2.31));
#4149=CARTESIAN_POINT('',(2.,-1.1,-2.31));
#4150=CARTESIAN_POINT('',(2.,-1.1,-2.71));
#4151=CARTESIAN_POINT('',(1.62499999999998,-1.1,-2.71));
#4152=CARTESIAN_POINT('',(1.62499999999998,0.0999999999999994,-2.71));
#4153=CARTESIAN_POINT('',(1.62499999999998,0.0999999999999994,-2.71));
#4154=CARTESIAN_POINT('',(2.,0.0999999999999994,-2.71));
#4155=CARTESIAN_POINT('',(2.,-1.1,-2.71));
#4156=CARTESIAN_POINT('',(2.,7.5,-2.71));
#4157=CARTESIAN_POINT('',(2.,7.5,-2.71));
#4158=CARTESIAN_POINT('',(1.,7.5,-2.71));
#4159=CARTESIAN_POINT('',(1.,4.,-2.71));
#4160=CARTESIAN_POINT('',(1.,4.,-2.71));
#4161=CARTESIAN_POINT('',(1.,4.,-2.71));
#4162=CARTESIAN_POINT('',(-1.,4.,-2.71));
#4163=CARTESIAN_POINT('',(-1.,4.,-2.71));
#4164=CARTESIAN_POINT('',(-1.,7.5,-2.71));
#4165=CARTESIAN_POINT('',(2.,7.5,-2.71));
#4166=CARTESIAN_POINT('',(-2.,7.5,-2.71));
#4167=CARTESIAN_POINT('',(-2.,-1.1,-2.71));
#4168=CARTESIAN_POINT('',(-2.,0.0999999999999994,-2.71));
#4169=CARTESIAN_POINT('',(-1.62499999999998,0.0999999999999994,-2.71));
#4170=CARTESIAN_POINT('',(-1.62499999999998,0.0999999999999994,-2.71));
#4171=CARTESIAN_POINT('',(-1.62499999999998,0.0999999999999994,-2.71));
#4172=CARTESIAN_POINT('',(0.,7.5,1.25));
#4173=CARTESIAN_POINT('',(2.5,7.5,-3.75));
#4174=CARTESIAN_POINT('',(2.5,7.5,-3.65));
#4175=CARTESIAN_POINT('',(2.5,7.5,-1.05));
#4176=CARTESIAN_POINT('',(2.4,7.5,-3.65));
#4177=CARTESIAN_POINT('',(2.4,7.5,-3.75));
#4178=CARTESIAN_POINT('',(-2.5,7.5,-3.75));
#4179=CARTESIAN_POINT('',(1.,7.5,-3.75));
#4180=CARTESIAN_POINT('',(1.,7.5,-3.75));
#4181=CARTESIAN_POINT('',(2.,7.5,-2.31));
#4182=CARTESIAN_POINT('',(1.625,7.5,-0.450000000000001));
#4183=CARTESIAN_POINT('',(1.625,7.5,-1.05));
#4184=CARTESIAN_POINT('',(-2.,7.5,-1.05));
#4185=CARTESIAN_POINT('',(0.,7.5,1.25));
#4186=CARTESIAN_POINT('',(6.12323399573684E-18,7.5,1.05));
#4187=CARTESIAN_POINT('',(6.12323399573684E-18,7.5,0.399999999999999));
#4188=CARTESIAN_POINT('',(-2.5,7.5,-3.75));
#4189=CARTESIAN_POINT('',(-2.4,7.5,-3.75));
#4190=CARTESIAN_POINT('',(-1.,7.5,-3.75));
#4191=CARTESIAN_POINT('',(-2.4,7.5,-3.65));
#4192=CARTESIAN_POINT('',(-2.5,7.5,-3.65));
#4193=CARTESIAN_POINT('',(-2.5,7.5,1.25));
#4194=CARTESIAN_POINT('',(-2.5,7.5,1.25));
#4195=CARTESIAN_POINT('',(0.,7.5,1.25));
#4196=CARTESIAN_POINT('',(-2.,7.5,2.75));
#4197=CARTESIAN_POINT('',(2.,7.5,2.75));
#4198=CARTESIAN_POINT('',(2.,7.5,2.75));
#4199=CARTESIAN_POINT('',(0.,7.5,1.25));
#4200=CARTESIAN_POINT('',(2.5,7.5,1.25));
#4201=CARTESIAN_POINT('',(2.5,7.5,-3.75));
#4202=CARTESIAN_POINT('',(2.5,7.5,-0.450000000000001));
#4203=CARTESIAN_POINT('',(2.5,7.5,-0.450000000000001));
#4204=CARTESIAN_POINT('',(-2.,7.5,-0.450000000000001));
#4205=CARTESIAN_POINT('',(-2.,7.5,-0.450000000000001));
#4206=CARTESIAN_POINT('',(-2.,7.5,-1.05));
#4207=CARTESIAN_POINT('',(-2.,7.5,-1.05));
#4208=CARTESIAN_POINT('',(-1.625,7.5,-1.05));
#4209=CARTESIAN_POINT('',(-1.625,7.5,-2.31));
#4210=CARTESIAN_POINT('',(-1.625,7.5,-2.31));
#4211=CARTESIAN_POINT('',(-2.,7.5,-2.31));
#4212=CARTESIAN_POINT('',(-2.,7.5,-2.31));
#4213=CARTESIAN_POINT('',(-2.,7.5,-2.71));
#4214=CARTESIAN_POINT('',(-1.,7.5,-2.71));
#4215=CARTESIAN_POINT('',(2.5,-1.7,-3.75));
#4216=CARTESIAN_POINT('',(-2.5,-1.6,-3.75));
#4217=CARTESIAN_POINT('',(2.4,-1.6,-3.75));
#4218=CARTESIAN_POINT('',(-2.4,-1.6,-3.75));
#4219=CARTESIAN_POINT('',(-2.4,-1.7,-3.75));
#4220=CARTESIAN_POINT('',(-1.,4.,-3.75));
#4221=CARTESIAN_POINT('',(-1.,4.,-3.75));
#4222=CARTESIAN_POINT('',(-1.,4.,-3.75));
#4223=CARTESIAN_POINT('',(1.,4.,-3.75));
#4224=CARTESIAN_POINT('',(1.,4.,-3.75));
#4225=CARTESIAN_POINT('',(2.4,-1.7,-3.75));
#4226=CARTESIAN_POINT('',(-2.,6.,-1.05));
#4227=CARTESIAN_POINT('',(1.625,6.,-1.05));
#4228=CARTESIAN_POINT('',(1.625,6.,-1.05));
#4229=CARTESIAN_POINT('',(-2.,6.,-1.05));
#4230=CARTESIAN_POINT('',(2.5,6.,-1.05));
#4231=CARTESIAN_POINT('',(2.5,6.,-1.05));
#4232=CARTESIAN_POINT('',(0.,6.,0.));
#4233=CARTESIAN_POINT('',(1.625,6.,-1.89443927988059E-16));
#4234=CARTESIAN_POINT('',(1.625,6.,-0.450000000000001));
#4235=CARTESIAN_POINT('',(2.5,6.,-0.450000000000001));
#4236=CARTESIAN_POINT('',(2.5,6.,-0.450000000000001));
#4237=CARTESIAN_POINT('',(2.5,6.,-1.05));
#4238=CARTESIAN_POINT('',(2.5,-1.7,3.75));
#4239=CARTESIAN_POINT('',(2.5,-1.6,-3.75));
#4240=CARTESIAN_POINT('',(2.5,-1.6,3.65));
#4241=CARTESIAN_POINT('',(2.5,-1.6,-3.65));
#4242=CARTESIAN_POINT('',(2.5,-1.7,-3.65));
#4243=CARTESIAN_POINT('',(2.5,6.,-0.450000000000001));
#4244=CARTESIAN_POINT('',(2.5,7.5,1.25));
#4245=CARTESIAN_POINT('',(2.5,0.,1.25));
#4246=CARTESIAN_POINT('',(2.5,0.,3.75));
#4247=CARTESIAN_POINT('',(2.5,0.,3.65));
#4248=CARTESIAN_POINT('',(2.5,-1.7,3.65));
#4249=CARTESIAN_POINT('',(6.12323399573684E-18,5.7,1.05));
#4250=CARTESIAN_POINT('',(6.12323399573684E-18,5.7,1.05));
#4251=CARTESIAN_POINT('',(1.,5.7,1.05));
#4252=CARTESIAN_POINT('',(6.12323399573684E-18,5.7,1.05));
#4253=CARTESIAN_POINT('',(0.65,5.7,1.05));
#4254=CARTESIAN_POINT('',(6.12323399573684E-18,4.9,1.05));
#4255=CARTESIAN_POINT('',(6.12323399573684E-18,4.9,1.05));
#4256=CARTESIAN_POINT('',(-1.39731886124821,4.9,-0.450000000000001));
#4257=CARTESIAN_POINT('',(1.39731886124821,4.9,-0.450000000000001));
#4258=CARTESIAN_POINT('',(-1.69017116944229E-16,4.9,-0.450000000000001));
#4259=CARTESIAN_POINT('',(6.12323399573684E-18,4.9,1.05));
#4260=CARTESIAN_POINT('',(1.,4.9,1.05));
#4261=CARTESIAN_POINT('',(0.,-1.7,0.));
#4262=CARTESIAN_POINT('',(-2.4,-1.7,-3.75));
#4263=CARTESIAN_POINT('',(-2.4,-1.7,3.65));
#4264=CARTESIAN_POINT('',(-2.4,-1.7,-3.65));
#4265=CARTESIAN_POINT('',(2.5,-1.7,-3.65));
#4266=CARTESIAN_POINT('',(2.4,-1.7,-3.65));
#4267=CARTESIAN_POINT('',(2.4,-1.7,3.75));
#4268=CARTESIAN_POINT('',(2.4,-1.7,3.65));
#4269=CARTESIAN_POINT('',(-2.5,-1.7,3.65));
#4270=CARTESIAN_POINT('',(6.12323399573684E-18,-1.7,1.05));
#4271=CARTESIAN_POINT('',(2.05,-1.7,1.05));
#4272=CARTESIAN_POINT('',(0.,7.5,1.25));
#4273=CARTESIAN_POINT('',(5.42101086242752E-17,5.8,1.25));
#4274=CARTESIAN_POINT('',(2.,5.8,2.75));
#4275=CARTESIAN_POINT('',(-2.,5.8,2.75));
#4276=CARTESIAN_POINT('',(-2.,5.8,2.75));
#4277=CARTESIAN_POINT('',(-2.5,7.5,1.25));
#4278=CARTESIAN_POINT('',(-2.5,0.,1.25));
#4279=CARTESIAN_POINT('',(0.,0.,1.25));
#4280=CARTESIAN_POINT('',(-6.50521303491303E-16,0.,3.75));
#4281=CARTESIAN_POINT('',(0.,0.,1.25));
#4282=CARTESIAN_POINT('',(2.,5.8,2.75));
#4283=CARTESIAN_POINT('',(0.,0.,0.));
#4284=CARTESIAN_POINT('',(-2.5,0.,3.75));
#4285=CARTESIAN_POINT('',(2.4,0.,3.75));
#4286=CARTESIAN_POINT('',(2.4,0.,3.65));
#4287=CARTESIAN_POINT('',(0.,0.,0.));
#4288=CARTESIAN_POINT('',(-2.5,0.,-3.75));
#4289=CARTESIAN_POINT('',(-2.5,0.,3.65));
#4290=CARTESIAN_POINT('',(-2.4,0.,3.65));
#4291=CARTESIAN_POINT('',(-2.4,0.,3.75));
#4292=CARTESIAN_POINT('',(-2.5,0.,3.75));
#4293=CARTESIAN_POINT('',(-2.5,-1.7,-3.75));
#4294=CARTESIAN_POINT('',(-2.5,-1.7,-3.65));
#4295=CARTESIAN_POINT('',(-2.5,-1.6,-3.65));
#4296=CARTESIAN_POINT('',(-2.5,-1.6,3.75));
#4297=CARTESIAN_POINT('',(-2.5,-1.6,3.65));
#4298=CARTESIAN_POINT('',(-2.5,-1.7,3.65));
#4299=CARTESIAN_POINT('',(-2.5,-1.7,3.75));
#4300=CARTESIAN_POINT('',(-2.4,-1.7,3.75));
#4301=CARTESIAN_POINT('',(-2.4,-1.6,3.75));
#4302=CARTESIAN_POINT('',(2.5,-1.6,3.75));
#4303=CARTESIAN_POINT('',(2.4,-1.6,3.75));
#4304=CARTESIAN_POINT('',(2.4,-1.7,3.75));
#4305=CARTESIAN_POINT('',(2.,5.8,2.75));
#4306=CARTESIAN_POINT('',(2.,5.8,2.75));
#4307=CARTESIAN_POINT('',(5.42101086242752E-17,5.8,1.25));
#4308=CARTESIAN_POINT('',(6.12323399573684E-18,4.9,1.05));
#4309=CARTESIAN_POINT('',(-1.39731886124821,4.9,-0.450000000000001));
#4310=CARTESIAN_POINT('',(1.39731886124821,4.9,-0.450000000000001));
#4311=CARTESIAN_POINT('',(6.12323399573684E-18,5.7,1.05));
#4312=CARTESIAN_POINT('',(6.12323399573684E-18,18.5799004270705,1.05));
#4313=CARTESIAN_POINT('',(2.5,6.,-0.450000000000001));
#4314=CARTESIAN_POINT('',(-2.,5.35,-0.450000000000001));
#4315=CARTESIAN_POINT('',(-2.,5.35,-0.450000000000001));
#4316=CARTESIAN_POINT('',(-1.625,5.35,-0.450000000000001));
#4317=CARTESIAN_POINT('',(-2.,6.,-0.450000000000001));
#4318=CARTESIAN_POINT('',(1.625,-1.1,-0.450000000000001));
#4319=CARTESIAN_POINT('',(-1.625,-1.1,-0.450000000000001));
#4320=CARTESIAN_POINT('',(-2.,6.,-0.450000000000001));
#4321=CARTESIAN_POINT('',(-2.,5.35,-0.850000000000002));
#4322=CARTESIAN_POINT('',(-2.,5.35,-0.850000000000002));
#4323=CARTESIAN_POINT('',(-2.,5.35,-0.850000000000002));
#4324=CARTESIAN_POINT('',(-2.,6.,-0.850000000000002));
#4325=CARTESIAN_POINT('',(-2.,6.,-0.450000000000001));
#4326=CARTESIAN_POINT('',(-2.,6.,-1.05));
#4327=CARTESIAN_POINT('',(-2.,6.,-1.05));
#4328=CARTESIAN_POINT('',(-2.,6.,-1.05));
#4329=CARTESIAN_POINT('',(-1.625,6.,-1.05));
#4330=CARTESIAN_POINT('',(-1.625,6.,-1.05));
#4331=CARTESIAN_POINT('',(-2.,6.,-1.05));
#4332=CARTESIAN_POINT('',(0.,6.,0.));
#4333=CARTESIAN_POINT('',(-1.625,6.,-0.850000000000002));
#4334=CARTESIAN_POINT('',(-1.625,6.,-0.850000000000002));
#4335=CARTESIAN_POINT('',(-1.625,6.,1.89443927988059E-16));
#4336=CARTESIAN_POINT('',(1.625,-1.1,-0.450000000000001));
#4337=CARTESIAN_POINT('',(1.62499999999998,0.0999999999999994,-2.71));
#4338=CARTESIAN_POINT('',(2.,-1.1,-2.31));
#4339=CARTESIAN_POINT('',(2.,0.0999999999999994,-2.71));
#4340=CARTESIAN_POINT('',(-2.,-1.1,-2.71));
#4341=CARTESIAN_POINT('',(-2.,-1.1,-2.31));
#4342=CARTESIAN_POINT('',(-2.,0.0999999999999994,-2.31));
#4343=CARTESIAN_POINT('',(-2.,0.0999999999999994,-2.31));
#4344=CARTESIAN_POINT('',(-2.,-1.1,-2.31));
#4345=CARTESIAN_POINT('',(-1.625,-1.1,-2.31));
#4346=CARTESIAN_POINT('',(-1.62499999999998,0.0999999999999994,-2.31));
#4347=CARTESIAN_POINT('',(-1.62499999999998,0.0999999999999994,-2.31));
#4348=CARTESIAN_POINT('',(-1.625,-1.1,-2.31));
#4349=CARTESIAN_POINT('',(-1.625,5.35,-0.850000000000002));
#4350=CARTESIAN_POINT('',(-1.625,5.35,-0.850000000000002));
#4351=CARTESIAN_POINT('',(-1.625,5.35,-0.450000000000001));
#4352=CARTESIAN_POINT('',(-1.62499999999998,0.0999999999999994,-2.31));
#4353=CARTESIAN_POINT('',(1.,4.,-3.75));
#4354=CARTESIAN_POINT('',(1.,4.,-3.75));
#4355=CARTESIAN_POINT('',(-1.,4.,-2.71));
#4356=CARTESIAN_POINT('',(-1.,4.,-2.71));
#4357=CARTESIAN_POINT('',(0.,4.,0.));
#4358=CARTESIAN_POINT('',(2.4,-1.7,3.65));
#4359=CARTESIAN_POINT('',(2.4,-1.6,3.65));
#4360=CARTESIAN_POINT('',(2.4,-1.6,3.65));
#4361=CARTESIAN_POINT('',(2.4,-1.6,3.65));
#4362=CARTESIAN_POINT('',(2.4,-1.6,3.65));
#4363=CARTESIAN_POINT('',(-2.4,-1.7,3.65));
#4364=CARTESIAN_POINT('',(-2.4,-1.6,3.65));
#4365=CARTESIAN_POINT('',(-2.5,-1.6,3.65));
#4366=CARTESIAN_POINT('',(-2.4,-1.6,3.65));
#4367=CARTESIAN_POINT('',(2.4,-1.6,3.75));
#4368=CARTESIAN_POINT('',(2.4,-1.6,-3.65));
#4369=CARTESIAN_POINT('',(2.4,-1.7,-3.65));
#4370=CARTESIAN_POINT('',(2.4,-1.6,-3.65));
#4371=CARTESIAN_POINT('',(-2.4,-1.6,3.65));
#4372=CARTESIAN_POINT('',(-2.4,-1.6,3.65));
#4373=CARTESIAN_POINT('',(2.4,-1.6,-3.65));
#4374=CARTESIAN_POINT('',(2.4,-1.6,-3.65));
#4375=CARTESIAN_POINT('',(-2.4,-1.6,-3.75));
#4376=CARTESIAN_POINT('',(-2.4,-1.6,-3.65));
#4377=CARTESIAN_POINT('',(2.5,-1.6,-3.65));
#4378=CARTESIAN_POINT('',(-2.4,-1.6,-3.65));
#4379=CARTESIAN_POINT('',(-2.4,-1.6,-3.65));
#4380=CARTESIAN_POINT('',(-2.4,-1.6,-3.65));
#4381=CARTESIAN_POINT('',(-2.4,-1.7,-3.65));
#4382=CARTESIAN_POINT('',(-1.625,5.35,-0.850000000000002));
#4383=CARTESIAN_POINT('',(-1.625,5.35,-0.850000000000002));
#4384=CARTESIAN_POINT('',(0.,5.35,0.));
#4385=CARTESIAN_POINT('',(-1.62499999999998,0.0999999999999994,-2.31));
#4386=CARTESIAN_POINT('',(1.62499999999998,0.0999999999999994,-2.71));
#4387=CARTESIAN_POINT('',(0.,0.,0.));
#4388=CARTESIAN_POINT('',(0.,5.6,3.45589442479755E-16));
#4389=CARTESIAN_POINT('',(0.,-4.7,-2.90048282081223E-16));
#4390=CARTESIAN_POINT('',(0.,-4.7,-0.499999999999999));
#4391=CARTESIAN_POINT('',(0.,0.2,1.23424800885626E-17));
#4392=CARTESIAN_POINT('',(0.,0.2,-0.499999999999998));
#4393=CARTESIAN_POINT('',(0.,0.2,0.499999999999998));
#4394=CARTESIAN_POINT('',(0.,0.2,1.23424800885626E-17));
#4395=CARTESIAN_POINT('',(0.,0.2,-0.999999999999999));
#4396=CARTESIAN_POINT('',(0.,5.6,3.45589442479755E-16));
#4397=CARTESIAN_POINT('',(0.,1.2,7.4054880531376E-17));
#4398=CARTESIAN_POINT('',(0.,1.2,-0.999999999999999));
#4399=CARTESIAN_POINT('',(0.,1.2,0.999999999999999));
#4400=CARTESIAN_POINT('',(0.,1.2,7.4054880531376E-17));
#4401=CARTESIAN_POINT('',(0.,1.2,-0.614999999999999));
#4402=CARTESIAN_POINT('',(0.,5.6,3.45589442479755E-16));
#4403=CARTESIAN_POINT('',(0.,5.2,3.20904482302629E-16));
#4404=CARTESIAN_POINT('',(0.,5.2,-0.614999999999999));
#4405=CARTESIAN_POINT('',(0.,5.2,0.614999999999999));
#4406=CARTESIAN_POINT('',(2.84603070277445E-16,5.2,0.));
#4407=CARTESIAN_POINT('',(0.36,5.2,0.));
#4408=CARTESIAN_POINT('',(0.,-4.7,-2.90048282081223E-16));
#4409=CARTESIAN_POINT('',(2.28568755657885E-17,4.5,0.));
#4410=CARTESIAN_POINT('',(-2.38889319145868E-16,3.8,0.));
#4411=CARTESIAN_POINT('',(0.36,3.8,0.));
#4412=CARTESIAN_POINT('',(-2.38889319145868E-16,3.8,0.));
#4413=CARTESIAN_POINT('',(0.,3.59,0.));
#4414=CARTESIAN_POINT('',(7.27366154732462E-17,4.5,1.05));
#4415=CARTESIAN_POINT('',(-2.5,-0.8,-3.15));
#4416=CARTESIAN_POINT('',(-2.5,-0.8,-3.15));
#4417=CARTESIAN_POINT('',(-2.5,-0.8,-3.15));
#4418=CARTESIAN_POINT('',(-2.5,-0.8,1.7));
#4419=CARTESIAN_POINT('',(-2.5,8.91569554966344,1.7));
#4420=CARTESIAN_POINT('',(-2.5,0.8,1.7));
#4421=CARTESIAN_POINT('',(-2.5,0.8,-3.15));
#4422=CARTESIAN_POINT('',(-2.5,0.8,-1.25));
#4423=CARTESIAN_POINT('',(-2.5,1.6,-1.25));
#4424=CARTESIAN_POINT('',(-2.5,1.6,-1.25));
#4425=CARTESIAN_POINT('',(-2.5,1.6,-1.25));
#4426=CARTESIAN_POINT('',(-2.5,1.6,-3.15));
#4427=CARTESIAN_POINT('',(-2.5,-0.8,-3.15));
#4428=CARTESIAN_POINT('',(0.,0.8,0.));
#4429=CARTESIAN_POINT('',(0.0698958333333307,0.8,1.7));
#4430=CARTESIAN_POINT('',(2.5,0.8,1.7));
#4431=CARTESIAN_POINT('',(2.02,0.8,3.15));
#4432=CARTESIAN_POINT('',(2.5,0.8,3.15));
#4433=CARTESIAN_POINT('',(2.5,0.8,-1.25));
#4434=CARTESIAN_POINT('',(2.5,0.8,-1.25));
#4435=CARTESIAN_POINT('',(1.58,0.8,-1.25));
#4436=CARTESIAN_POINT('',(1.58,0.8,-1.25));
#4437=CARTESIAN_POINT('',(1.58,0.8,-3.15));
#4438=CARTESIAN_POINT('',(2.5,0.8,-3.15));
#4439=CARTESIAN_POINT('',(-1.58,0.8,-3.15));
#4440=CARTESIAN_POINT('',(-1.58,0.8,-3.15));
#4441=CARTESIAN_POINT('',(-1.58,0.8,-1.25));
#4442=CARTESIAN_POINT('',(-1.58,0.8,-1.25));
#4443=CARTESIAN_POINT('',(-0.0698958333333337,0.8,1.7));
#4444=CARTESIAN_POINT('',(-2.02,0.8,3.15));
#4445=CARTESIAN_POINT('',(2.5,0.8,3.15));
#4446=CARTESIAN_POINT('',(-8.67361737988404E-16,0.8,1.55));
#4447=CARTESIAN_POINT('',(0.649999999999999,0.8,1.55));
#4448=CARTESIAN_POINT('',(2.5,-0.8,-3.15));
#4449=CARTESIAN_POINT('',(1.58,1.6,-3.15));
#4450=CARTESIAN_POINT('',(1.58,1.6,-3.15));
#4451=CARTESIAN_POINT('',(1.58,1.6,-3.15));
#4452=CARTESIAN_POINT('',(2.5,1.6,-3.15));
#4453=CARTESIAN_POINT('',(2.5,-0.8,-3.15));
#4454=CARTESIAN_POINT('',(2.5,-0.8,-3.15));
#4455=CARTESIAN_POINT('',(2.5,-0.8,-3.15));
#4456=CARTESIAN_POINT('',(1.,-0.8,-3.15));
#4457=CARTESIAN_POINT('',(1.,-3.85,-3.15));
#4458=CARTESIAN_POINT('',(1.,-3.85,-3.15));
#4459=CARTESIAN_POINT('',(1.,-3.85,-3.15));
#4460=CARTESIAN_POINT('',(-1.,-3.85,-3.15));
#4461=CARTESIAN_POINT('',(-1.,-3.85,-3.15));
#4462=CARTESIAN_POINT('',(-1.,-0.8,-3.15));
#4463=CARTESIAN_POINT('',(2.5,-0.8,-3.15));
#4464=CARTESIAN_POINT('',(-2.5,1.6,-3.15));
#4465=CARTESIAN_POINT('',(-1.58,1.6,-3.15));
#4466=CARTESIAN_POINT('',(-1.58,1.6,-3.15));
#4467=CARTESIAN_POINT('',(2.5,-0.8,3.15));
#4468=CARTESIAN_POINT('',(2.02,8.91569554966344,3.15));
#4469=CARTESIAN_POINT('',(2.02,-0.8,3.15));
#4470=CARTESIAN_POINT('',(-2.02,8.91569554966344,3.15));
#4471=CARTESIAN_POINT('',(-2.02,-0.8,3.15));
#4472=CARTESIAN_POINT('',(2.5,-0.8,3.15));
#4473=CARTESIAN_POINT('',(-8.67361737988404E-16,-0.8,1.55));
#4474=CARTESIAN_POINT('',(-8.67361737988404E-16,-0.8,1.55));
#4475=CARTESIAN_POINT('',(0.649999999999999,-0.8,1.55));
#4476=CARTESIAN_POINT('',(2.5,-0.8,3.15));
#4477=CARTESIAN_POINT('',(2.5,8.91569554966344,1.7));
#4478=CARTESIAN_POINT('',(2.5,-0.8,1.7));
#4479=CARTESIAN_POINT('',(2.5,-0.8,3.15));
#4480=CARTESIAN_POINT('',(2.5,1.6,-3.15));
#4481=CARTESIAN_POINT('',(2.5,1.6,-1.25));
#4482=CARTESIAN_POINT('',(2.5,1.6,-1.25));
#4483=CARTESIAN_POINT('',(0.,-0.8,0.));
#4484=CARTESIAN_POINT('',(0.0698958333333307,-0.8,1.7));
#4485=CARTESIAN_POINT('',(-0.0698958333333337,-0.8,1.7));
#4486=CARTESIAN_POINT('',(-1.,-0.8,-3.15));
#4487=CARTESIAN_POINT('',(-1.,-0.8,-2.45));
#4488=CARTESIAN_POINT('',(-1.,-0.8,-2.45));
#4489=CARTESIAN_POINT('',(1.,-0.8,-2.45));
#4490=CARTESIAN_POINT('',(1.,-0.8,-2.45));
#4491=CARTESIAN_POINT('',(2.5,1.6,-1.25));
#4492=CARTESIAN_POINT('',(2.5,1.6,-1.25));
#4493=CARTESIAN_POINT('',(1.58,1.6,-1.25));
#4494=CARTESIAN_POINT('',(1.58,1.6,-1.25));
#4495=CARTESIAN_POINT('',(1.58,1.6,-1.25));
#4496=CARTESIAN_POINT('',(1.58,1.6,-1.25));
#4497=CARTESIAN_POINT('',(0.,1.6,0.));
#4498=CARTESIAN_POINT('',(-1.58,1.6,-3.15));
#4499=CARTESIAN_POINT('',(-1.58,1.6,-3.15));
#4500=CARTESIAN_POINT('',(-1.58,1.6,-1.25));
#4501=CARTESIAN_POINT('',(-1.58,1.6,-1.25));
#4502=CARTESIAN_POINT('',(-1.58,1.6,-1.25));
#4503=CARTESIAN_POINT('',(-1.58,1.6,-1.25));
#4504=CARTESIAN_POINT('',(0.,1.6,0.));
#4505=CARTESIAN_POINT('',(-1.,-3.85,-3.15));
#4506=CARTESIAN_POINT('',(-1.,-3.85,-3.15));
#4507=CARTESIAN_POINT('',(-1.,-3.85,-2.45));
#4508=CARTESIAN_POINT('',(-1.,-3.85,-2.45));
#4509=CARTESIAN_POINT('',(-1.,-3.85,-2.45));
#4510=CARTESIAN_POINT('',(-1.,-3.85,-2.45));
#4511=CARTESIAN_POINT('',(1.,-3.85,-2.45));
#4512=CARTESIAN_POINT('',(1.,-3.85,-2.45));
#4513=CARTESIAN_POINT('',(1.,-3.85,-2.45));
#4514=CARTESIAN_POINT('',(1.,-3.85,-2.45));
#4515=CARTESIAN_POINT('',(0.,-3.85,0.));
#4516=CARTESIAN_POINT('',(-0.0698958333333337,8.91569554966344,1.7));
#4517=CARTESIAN_POINT('',(0.0698958333333307,8.91569554966344,1.7));
#4518=CARTESIAN_POINT('',(8.45470775421211E-16,8.3,-0.500000000000001));
#4519=CARTESIAN_POINT('',(0.,-0.4,0.));
#4520=CARTESIAN_POINT('',(0.,0.,0.));
#4521=CARTESIAN_POINT('',(1.5,0.,0.));
#4522=CARTESIAN_POINT('',(-1.5,0.,0.));
#4523=CARTESIAN_POINT('',(-1.5,-0.4,0.));
#4524=CARTESIAN_POINT('',(-1.5,-0.4,0.));
#4525=CARTESIAN_POINT('',(0.,-0.4,0.));
#4526=CARTESIAN_POINT('',(1.5,-0.4,0.));
#4527=CARTESIAN_POINT('',(1.5,-0.4,0.));
#4528=CARTESIAN_POINT('',(-1.5,-0.4,0.));
#4529=CARTESIAN_POINT('',(-1.5,0.,0.));
#4530=CARTESIAN_POINT('',(-1.5,0.,-4.5));
#4531=CARTESIAN_POINT('',(-1.5,-0.4,-4.5));
#4532=CARTESIAN_POINT('',(-1.5,-0.4,-4.5));
#4533=CARTESIAN_POINT('',(-1.5,-0.4,0.));
#4534=CARTESIAN_POINT('',(-1.5,-0.4,-4.5));
#4535=CARTESIAN_POINT('',(-1.5,0.,-4.5));
#4536=CARTESIAN_POINT('',(-0.5,0.,-4.5));
#4537=CARTESIAN_POINT('',(-0.5,-0.4,-4.5));
#4538=CARTESIAN_POINT('',(-0.5,-0.4,-4.5));
#4539=CARTESIAN_POINT('',(-1.5,-0.4,-4.5));
#4540=CARTESIAN_POINT('',(-0.5,-0.4,-4.5));
#4541=CARTESIAN_POINT('',(-0.5,0.,-4.5));
#4542=CARTESIAN_POINT('',(-0.5,0.,-7.32));
#4543=CARTESIAN_POINT('',(-0.5,-0.4,-7.32));
#4544=CARTESIAN_POINT('',(-0.5,-0.4,-7.32));
#4545=CARTESIAN_POINT('',(-0.5,-0.4,-4.5));
#4546=CARTESIAN_POINT('',(-0.5,-0.4,-7.8));
#4547=CARTESIAN_POINT('',(-0.5,-0.4,-7.8));
#4548=CARTESIAN_POINT('',(-0.0199999999999998,-0.4,-7.8));
#4549=CARTESIAN_POINT('',(0.0199999999999998,-0.4,-7.8));
#4550=CARTESIAN_POINT('',(-0.0199999999999998,-0.4,-7.8));
#4551=CARTESIAN_POINT('',(-0.0199999999999998,0.,-7.8));
#4552=CARTESIAN_POINT('',(-0.5,0.,-7.8));
#4553=CARTESIAN_POINT('',(0.0199999999999998,0.,-7.8));
#4554=CARTESIAN_POINT('',(0.0199999999999998,-0.4,-7.8));
#4555=CARTESIAN_POINT('',(0.5,-0.4,-7.8));
#4556=CARTESIAN_POINT('',(0.5,-0.4,-7.8));
#4557=CARTESIAN_POINT('',(0.5,-0.4,-7.32));
#4558=CARTESIAN_POINT('',(0.5,-0.4,-4.5));
#4559=CARTESIAN_POINT('',(0.5,-0.4,-7.32));
#4560=CARTESIAN_POINT('',(0.5,0.,-7.32));
#4561=CARTESIAN_POINT('',(0.5,0.,-7.8));
#4562=CARTESIAN_POINT('',(0.5,0.,-4.5));
#4563=CARTESIAN_POINT('',(0.5,-0.4,-4.5));
#4564=CARTESIAN_POINT('',(0.5,-0.4,-4.5));
#4565=CARTESIAN_POINT('',(0.5,0.,-4.5));
#4566=CARTESIAN_POINT('',(1.5,0.,-4.5));
#4567=CARTESIAN_POINT('',(1.5,-0.4,-4.5));
#4568=CARTESIAN_POINT('',(1.5,-0.4,-4.5));
#4569=CARTESIAN_POINT('',(0.5,-0.4,-4.5));
#4570=CARTESIAN_POINT('',(1.5,-0.4,-4.5));
#4571=CARTESIAN_POINT('',(1.5,0.,-4.5));
#4572=CARTESIAN_POINT('',(1.5,-0.4,-4.5));
#4573=CARTESIAN_POINT('',(0.,-0.4,0.));
#4574=CARTESIAN_POINT('',(0.,-0.399999999999999,0.));
#4575=CARTESIAN_POINT('',(0.,-0.399999999999999,-0.7));
#4576=CARTESIAN_POINT('',(-0.0199999999999998,-0.4,-7.32));
#4577=CARTESIAN_POINT('',(0.0199999999999998,-0.4,-7.32));
#4578=CARTESIAN_POINT('',(0.,0.,0.));
#4579=CARTESIAN_POINT('',(0.,0.,0.));
#4580=CARTESIAN_POINT('',(-0.7,0.,0.));
#4581=CARTESIAN_POINT('',(-0.0199999999999998,0.,-7.32));
#4582=CARTESIAN_POINT('',(0.0199999999999998,0.,-7.32));
#4583=CARTESIAN_POINT('',(0.,-9.78008179924892,0.));
#4584=CARTESIAN_POINT('',(-0.0199999999999998,-0.4,-7.32));
#4585=CARTESIAN_POINT('',(0.0199999999999998,-0.4,-7.32));
#4586=CARTESIAN_POINT('',(-4.99302890818663E-17,9.5,1.05));
#4587=CARTESIAN_POINT('',(1.2,0.100000000000001,9.63402233842448));
#4588=CARTESIAN_POINT('',(1.2,0.100000000000001,0.));
#4589=CARTESIAN_POINT('',(1.2,0.100000000000001,0.));
#4590=CARTESIAN_POINT('',(0.5,0.100000000000001,0.));
#4591=CARTESIAN_POINT('',(0.5,0.100000000000001,0.));
#4592=CARTESIAN_POINT('',(0.5,0.100000000000001,0.2));
#4593=CARTESIAN_POINT('',(0.,0.100000000000001,0.2));
#4594=CARTESIAN_POINT('',(1.2,0.100000000000001,0.2));
#4595=CARTESIAN_POINT('',(1.2,0.100000000000001,9.63402233842448));
#4596=CARTESIAN_POINT('',(-2.,3.7,0.2));
#4597=CARTESIAN_POINT('',(1.2,3.7,9.63402233842448));
#4598=CARTESIAN_POINT('',(1.2,3.7,0.200000000000001));
#4599=CARTESIAN_POINT('',(1.2,3.7,0.));
#4600=CARTESIAN_POINT('',(-2.,3.7,0.2));
#4601=CARTESIAN_POINT('',(2.,3.7,0.2));
#4602=CARTESIAN_POINT('',(2.,3.7,0.2));
#4603=CARTESIAN_POINT('',(2.,3.7,0.));
#4604=CARTESIAN_POINT('',(-2.,3.7,0.));
#4605=CARTESIAN_POINT('',(-1.5,-4.1,0.6));
#4606=CARTESIAN_POINT('',(-1.4625,-4.1,0.6));
#4607=CARTESIAN_POINT('',(-1.4625,-4.1,-1.21290243037047E-17));
#4608=CARTESIAN_POINT('',(-1.48558275064429,-4.46932401030857,1.07286337922236));
#4609=CARTESIAN_POINT('',(-1.5,-4.1,-2.42580486074094E-17));
#4610=CARTESIAN_POINT('',(1.4625,-4.1,0.));
#4611=CARTESIAN_POINT('',(1.4625,-4.1,0.6));
#4612=CARTESIAN_POINT('',(1.48558275064429,-4.46932401030857,1.07286337922236));
#4613=CARTESIAN_POINT('',(-1.5,-4.46932401030857,1.07286337922236));
#4614=CARTESIAN_POINT('',(0.,0.,0.2));
#4615=CARTESIAN_POINT('',(1.2,-1.44560289664734E-16,0.2));
#4616=CARTESIAN_POINT('',(0.5,0.190000000000001,0.2));
#4617=CARTESIAN_POINT('',(0.5,0.190000000000001,0.2));
#4618=CARTESIAN_POINT('',(0.5,0.190000000000001,0.2));
#4619=CARTESIAN_POINT('',(-0.5,0.190000000000001,0.2));
#4620=CARTESIAN_POINT('',(-0.5,0.190000000000001,0.2));
#4621=CARTESIAN_POINT('',(-0.5,0.100000000000001,0.2));
#4622=CARTESIAN_POINT('',(0.,0.100000000000001,0.2));
#4623=CARTESIAN_POINT('',(-1.2,0.100000000000001,0.200000000000001));
#4624=CARTESIAN_POINT('',(-1.2,-1.44560289664734E-16,0.2));
#4625=CARTESIAN_POINT('',(-1.2,3.7,0.200000000000001));
#4626=CARTESIAN_POINT('',(-2.,3.7,0.2));
#4627=CARTESIAN_POINT('',(-2.,3.7,0.2));
#4628=CARTESIAN_POINT('',(-2.,-3.7,0.2));
#4629=CARTESIAN_POINT('',(-2.,-3.7,0.2));
#4630=CARTESIAN_POINT('',(2.,-3.7,0.2));
#4631=CARTESIAN_POINT('',(-1.5,-3.7,0.2));
#4632=CARTESIAN_POINT('',(-1.5,-3.7,0.2));
#4633=CARTESIAN_POINT('',(-1.4625,-4.1,0.2));
#4634=CARTESIAN_POINT('',(-1.5,-4.1,0.2));
#4635=CARTESIAN_POINT('',(1.4625,-4.1,0.2));
#4636=CARTESIAN_POINT('',(1.4625,-4.1,0.2));
#4637=CARTESIAN_POINT('',(1.5,-3.7,0.2));
#4638=CARTESIAN_POINT('',(2.,-3.7,0.2));
#4639=CARTESIAN_POINT('',(2.,-3.7,0.2));
#4640=CARTESIAN_POINT('',(2.,3.7,0.2));
#4641=CARTESIAN_POINT('',(0.,0.,0.));
#4642=CARTESIAN_POINT('',(1.2,3.7,0.));
#4643=CARTESIAN_POINT('',(2.,3.7,0.));
#4644=CARTESIAN_POINT('',(2.,-3.7,0.));
#4645=CARTESIAN_POINT('',(2.,-3.7,0.));
#4646=CARTESIAN_POINT('',(1.5,-3.7,0.));
#4647=CARTESIAN_POINT('',(1.83078412391094,-0.171636011616652,0.));
#4648=CARTESIAN_POINT('',(-1.83078412391094,-0.171636011616652,0.));
#4649=CARTESIAN_POINT('',(-1.5,-3.7,0.));
#4650=CARTESIAN_POINT('',(2.,-3.7,0.));
#4651=CARTESIAN_POINT('',(-2.,-3.7,0.));
#4652=CARTESIAN_POINT('',(-2.,-3.7,0.));
#4653=CARTESIAN_POINT('',(-2.,3.7,0.));
#4654=CARTESIAN_POINT('',(-2.,3.7,0.));
#4655=CARTESIAN_POINT('',(-1.2,3.7,0.));
#4656=CARTESIAN_POINT('',(-1.2,0.100000000000001,0.));
#4657=CARTESIAN_POINT('',(-1.2,0.100000000000001,0.));
#4658=CARTESIAN_POINT('',(1.2,0.100000000000001,0.));
#4659=CARTESIAN_POINT('',(-0.5,0.100000000000001,0.));
#4660=CARTESIAN_POINT('',(-0.5,0.190000000000001,0.));
#4661=CARTESIAN_POINT('',(-0.5,0.190000000000001,0.));
#4662=CARTESIAN_POINT('',(-0.5,0.190000000000001,0.));
#4663=CARTESIAN_POINT('',(0.5,0.190000000000001,0.));
#4664=CARTESIAN_POINT('',(0.5,0.190000000000001,0.));
#4665=CARTESIAN_POINT('',(-1.5,3.3,1.3975));
#4666=CARTESIAN_POINT('',(-1.5,3.3,1.3975));
#4667=CARTESIAN_POINT('',(-1.,3.3,1.3975));
#4668=CARTESIAN_POINT('',(1.,3.3,1.3975));
#4669=CARTESIAN_POINT('',(-1.00003646067079,3.29941662926742,1.40172950169655));
#4670=CARTESIAN_POINT('',(-1.00170794214753,3.27267292563951,1.59562428171957));
#4671=CARTESIAN_POINT('',(-1.5,3.27267292563951,1.59562428171957));
#4672=CARTESIAN_POINT('',(1.00170794214753,3.27267292563951,1.59562428171957));
#4673=CARTESIAN_POINT('',(0.999817696646068,3.30291685366292,1.37635249151727));
#4674=CARTESIAN_POINT('',(-1.5,-4.1,0.6));
#4675=CARTESIAN_POINT('',(-1.4625,-4.1,0.6));
#4676=CARTESIAN_POINT('',(-1.47788850042952,-4.34621600687238,0.915242252814909));
#4677=CARTESIAN_POINT('',(-1.5,-4.34621600687238,0.915242252814909));
#4678=CARTESIAN_POINT('',(1.47788850042952,-4.34621600687238,0.91524225281491));
#4679=CARTESIAN_POINT('',(1.4625,-4.1,0.6));
#4680=CARTESIAN_POINT('',(-1.5,-4.34621600687238,0.915242252814909));
#4681=CARTESIAN_POINT('',(-1.47794201778921,-4.3470722846273,0.914573467816367));
#4682=CARTESIAN_POINT('',(-1.3754856255369,-2.70777000859048,2.19492994559974));
#4683=CARTESIAN_POINT('',(-1.5,-2.70777000859048,2.19492994559974));
#4684=CARTESIAN_POINT('',(1.37548562553691,-2.70777000859048,2.19492994559974));
#4685=CARTESIAN_POINT('',(1.47068099605094,-4.230895936815,1.00531154685223));
#4686=CARTESIAN_POINT('',(-1.5,-2.4,1.8008771295811));
#4687=CARTESIAN_POINT('',(-1.35625,-2.4,1.8008771295811));
#4688=CARTESIAN_POINT('',(-1.34006044118041,-2.14096705888658,2.22854748793919));
#4689=CARTESIAN_POINT('',(-1.5,-2.14096705888658,2.22854748793919));
#4690=CARTESIAN_POINT('',(1.34006044118041,-2.14096705888658,2.22854748793919));
#4691=CARTESIAN_POINT('',(1.35625,-2.4,1.8008771295811));
#4692=CARTESIAN_POINT('',(-1.5,-2.14096705888658,2.22854748793919));
#4693=CARTESIAN_POINT('',(-1.34051622074126,-2.14825953186014,2.23296441954413));
#4694=CARTESIAN_POINT('',(-1.22604816984508,-0.316770717521271,1.12366160039176));
#4695=CARTESIAN_POINT('',(-1.5,-0.316770717521271,1.12366160039176));
#4696=CARTESIAN_POINT('',(1.22604816984508,-0.316770717521271,1.12366160039176));
#4697=CARTESIAN_POINT('',(1.33196712449119,-2.01147399185909,2.15011565521946));
#4698=CARTESIAN_POINT('',(-1.5,0.200000000000001,1.97686396531614));
#4699=CARTESIAN_POINT('',(-1.19375,0.200000000000001,1.97686396531614));
#4700=CARTESIAN_POINT('',(-1.18523163853919,0.336293783372975,0.988719110239781));
#4701=CARTESIAN_POINT('',(-1.5,0.336293783372974,0.988719110239781));
#4702=CARTESIAN_POINT('',(1.18523163853919,0.336293783372975,0.988719110239781));
#4703=CARTESIAN_POINT('',(1.19375,0.200000000000001,1.97686396531614));
#4704=CARTESIAN_POINT('',(-1.5,0.336293783372975,0.988719110239781));
#4705=CARTESIAN_POINT('',(-6.1715483642932E-16,2.01219216882279,1.21987401665678));
#4706=CARTESIAN_POINT('',(-6.1715483642932E-16,2.50750287312172,1.28819170255802));
#4707=CARTESIAN_POINT('',(-1.1864336397866,0.317061763414462,0.986066457899808));
#4708=CARTESIAN_POINT('',(1.17497758452905,0.500358647535143,1.01134840486228));
#4709=CARTESIAN_POINT('',(-1.5,-4.46932401030857,1.07286337922236));
#4710=CARTESIAN_POINT('',(-1.48561764529794,-4.46988232476712,1.07242731471852));
#4711=CARTESIAN_POINT('',(-1.38317987575167,-2.83087801202667,2.3525510720072));
#4712=CARTESIAN_POINT('',(1.47835662355968,-4.35370597695482,1.16316539375438));
#4713=CARTESIAN_POINT('',(1.38317987575167,-2.83087801202667,2.3525510720072));
#4714=CARTESIAN_POINT('',(-1.5,-2.83087801202667,2.3525510720072));
#4715=CARTESIAN_POINT('',(-1.5,-2.4,1.8008771295811));
#4716=CARTESIAN_POINT('',(-1.35625,-2.4,1.8008771295811));
#4717=CARTESIAN_POINT('',(-1.33358461765258,-2.03735388244121,2.39961563128242));
#4718=CARTESIAN_POINT('',(1.35625,-2.4,1.8008771295811));
#4719=CARTESIAN_POINT('',(1.33358461765258,-2.03735388244121,2.39961563128242));
#4720=CARTESIAN_POINT('',(-1.5,-2.03735388244121,2.39961563128242));
#4721=CARTESIAN_POINT('',(-1.5,-2.03735388244121,2.39961563128242));
#4722=CARTESIAN_POINT('',(-1.33405885135964,-2.04494162175417,2.40421140087979));
#4723=CARTESIAN_POINT('',(-1.21957234631724,-0.213157541075903,1.294729743735));
#4724=CARTESIAN_POINT('',(1.32550975510957,-1.90815608175313,2.32136263655511));
#4725=CARTESIAN_POINT('',(1.21957234631724,-0.213157541075903,1.294729743735));
#4726=CARTESIAN_POINT('',(-1.5,-0.213157541075903,1.294729743735));
#4727=CARTESIAN_POINT('',(-1.5,0.200000000000001,1.97686396531614));
#4728=CARTESIAN_POINT('',(1.19375,0.200000000000001,1.97686396531614));
#4729=CARTESIAN_POINT('',(1.18693958068672,0.308966709012478,1.18684339195935));
#4730=CARTESIAN_POINT('',(-1.5,0.308966709012478,1.18684339195935));
#4731=CARTESIAN_POINT('',(-1.18693958068672,0.308966709012478,1.18684339195935));
#4732=CARTESIAN_POINT('',(-1.19375,0.200000000000001,1.97686396531614));
#4733=CARTESIAN_POINT('',(-1.5,0.308966709012479,1.18684339195935));
#4734=CARTESIAN_POINT('',(-6.1715483642932E-16,1.98486509446229,1.41799829837635));
#4735=CARTESIAN_POINT('',(-6.1715483642932E-16,2.595313512051,1.50219680830107));
#4736=CARTESIAN_POINT('',(-1.18813505984092,0.289839042545266,1.18420513298698));
#4737=CARTESIAN_POINT('',(1.17667900458338,0.473135926665947,1.20948707994945));
#4738=CARTESIAN_POINT('',(2.,-3.7,0.2));
#4739=CARTESIAN_POINT('',(-1.5,-3.7,0.2));
#4740=CARTESIAN_POINT('',(-2.,-3.7,0.2));
#4741=CARTESIAN_POINT('',(2.,3.7,0.2));
#4742=CARTESIAN_POINT('',(2.,-3.7,0.2));
#4743=CARTESIAN_POINT('',(2.,-3.7,0.2));
#4744=CARTESIAN_POINT('',(1.5,-3.7,0.2));
#4745=CARTESIAN_POINT('',(-2.,-3.7,0.2));
#4746=CARTESIAN_POINT('',(-2.,3.7,0.2));
#4747=CARTESIAN_POINT('',(-2.,3.7,0.2));
#4748=CARTESIAN_POINT('',(-1.2,3.7,9.63402233842448));
#4749=CARTESIAN_POINT('',(-1.5,-4.7,9.83402233842448));
#4750=CARTESIAN_POINT('',(-1.4625,-4.1,-9.43402233842448));
#4751=CARTESIAN_POINT('',(1.,3.3,9.83402233842448));
#4752=CARTESIAN_POINT('',(1.4625,-4.1,-9.43402233842448));
#4753=CARTESIAN_POINT('',(1.4625,-4.1,-9.43402233842448));
#4754=CARTESIAN_POINT('',(-1.5,-3.7,-9.43402233842448));
#4755=CARTESIAN_POINT('',(1.2,3.7,9.63402233842448));
#4756=CARTESIAN_POINT('',(1.2,0.100000000000001,9.63402233842448));
#4757=CARTESIAN_POINT('',(-0.5,0.100000000000001,0.2));
#4758=CARTESIAN_POINT('',(-1.2,0.100000000000001,9.63402233842448));
#4759=CARTESIAN_POINT('',(-1.2,0.100000000000001,9.63402233842448));
#4760=CARTESIAN_POINT('',(0.5,0.190000000000001,0.));
#4761=CARTESIAN_POINT('',(0.5,0.200000000000001,0.0496902604182061));
#4762=CARTESIAN_POINT('',(0.5,0.200000000000001,-0.01));
#4763=CARTESIAN_POINT('',(0.499999999999999,0.2,-3.56));
#4764=CARTESIAN_POINT('',(0.5,0.4,-3.56));
#4765=CARTESIAN_POINT('',(0.499999999999999,0.400000000000001,-3.56));
#4766=CARTESIAN_POINT('',(0.5,0.400000000000001,0.0496902604182061));
#4767=CARTESIAN_POINT('',(0.5,0.400000000000001,-0.00999999999999997));
#4768=CARTESIAN_POINT('',(0.5,0.190000000000001,-0.01));
#4769=CARTESIAN_POINT('',(0.5,0.190000000000001,-0.01));
#4770=CARTESIAN_POINT('',(-0.5,0.190000000000001,0.2));
#4771=CARTESIAN_POINT('',(-0.5,0.400000000000001,0.0496902604182061));
#4772=CARTESIAN_POINT('',(-0.500000000000001,0.400000000000001,-3.56));
#4773=CARTESIAN_POINT('',(-0.5,0.400000000000001,-0.00999999999999997));
#4774=CARTESIAN_POINT('',(-0.5,0.2,-3.56));
#4775=CARTESIAN_POINT('',(-0.500000000000001,0.2,-3.56));
#4776=CARTESIAN_POINT('',(-0.5,0.200000000000001,0.0496902604182061));
#4777=CARTESIAN_POINT('',(-0.5,0.200000000000001,-0.00999999999999997));
#4778=CARTESIAN_POINT('',(-0.5,0.190000000000001,-0.01));
#4779=CARTESIAN_POINT('',(-0.5,0.190000000000001,-0.01));
#4780=CARTESIAN_POINT('',(0.,0.400000000000001,-2.55017771157229E-17));
#4781=CARTESIAN_POINT('',(0.0199999999999998,0.400000000000001,-3.56));
#4782=CARTESIAN_POINT('',(0.0199999999999998,0.4,-4.04));
#4783=CARTESIAN_POINT('',(0.499999999999999,0.4,-4.04));
#4784=CARTESIAN_POINT('',(-0.0200000000000003,0.4,-4.04));
#4785=CARTESIAN_POINT('',(-0.0200000000000003,0.400000000000001,-3.56));
#4786=CARTESIAN_POINT('',(-0.5,0.400000000000001,-0.00999999999999997));
#4787=CARTESIAN_POINT('',(0.,0.200000000000001,-1.22464679914736E-17));
#4788=CARTESIAN_POINT('',(0.499999999999999,0.2,-4.04));
#4789=CARTESIAN_POINT('',(0.0199999999999998,0.2,-4.04));
#4790=CARTESIAN_POINT('',(-0.0200000000000003,0.2,-4.04));
#4791=CARTESIAN_POINT('',(0.0199999999999998,0.2,-3.56));
#4792=CARTESIAN_POINT('',(-0.5,0.200000000000001,-0.00999999999999996));
#4793=CARTESIAN_POINT('',(-0.0200000000000003,0.2,-3.56));
#4794=CARTESIAN_POINT('',(0.499999999999999,0.4,-4.04));
#4795=CARTESIAN_POINT('',(0.0199999999999998,0.2,-4.04));
#4796=CARTESIAN_POINT('',(-0.0200000000000003,0.4,-4.04));
#4797=CARTESIAN_POINT('',(-0.5,0.190000000000001,-0.01));
#4798=CARTESIAN_POINT('',(-0.5,0.190000000000001,-0.01));
#4799=CARTESIAN_POINT('',(0.0199999999999998,0.4,-3.56));
#4800=CARTESIAN_POINT('',(-0.0200000000000003,0.19,-3.56));
#4801=CARTESIAN_POINT('',(-6.1715483642932E-16,1.98486509446229,1.41799829837635));
#4802=CARTESIAN_POINT('',(-6.1715483642932E-16,1.98486509446229,1.41799829837635));
#4803=CARTESIAN_POINT('',(-6.1715483642932E-16,1.68767867188294,1.3770076868356));
#4804=CARTESIAN_POINT('',(-6.1715483642932E-16,1.9575380201018,1.61612258009592));
#4805=CARTESIAN_POINT('',(-6.1715483642932E-16,1.9575380201018,1.61612258009592));
#4806=CARTESIAN_POINT('',(-6.1715483642932E-16,1.66035159752244,1.57513196855518));
#4807=CARTESIAN_POINT('',(-6.1715483642932E-16,1.98486509446229,1.41799829837635));
#4808=CARTESIAN_POINT('',(-6.1715483642932E-16,1.97315349116494,1.50290870482759));
#4809=CARTESIAN_POINT('',(-6.1715483642932E-16,2.44934676803535,1.56858954401632));
#4810=CARTESIAN_POINT('',(-6.1715483642932E-16,1.98486509446229,1.41799829837635));
#4811=CARTESIAN_POINT('',(-6.1715483642932E-16,1.96436978869192,1.56659150966603));
#4812=CARTESIAN_POINT('',(-1.84314369322536E-15,4.,-2.71));
#4813=CARTESIAN_POINT('',(-2.65,0.7,-2.6));
#4814=CARTESIAN_POINT('',(-2.65,0.7,-2.6));
#4815=CARTESIAN_POINT('',(-2.65,-0.65,-2.6));
#4816=CARTESIAN_POINT('',(-2.65,-0.700000000000001,-2.6));
#4817=CARTESIAN_POINT('',(-2.65,-0.65,-2.6));
#4818=CARTESIAN_POINT('',(-2.25,-0.65,-2.6));
#4819=CARTESIAN_POINT('',(-2.25,0.7,-2.6));
#4820=CARTESIAN_POINT('',(-2.25,-0.700000000000001,-2.6));
#4821=CARTESIAN_POINT('',(-2.65,-0.700000000000001,-2.6));
#4822=CARTESIAN_POINT('',(2.25,-0.7,0.4));
#4823=CARTESIAN_POINT('',(2.25,-0.7,0.));
#4824=CARTESIAN_POINT('',(2.1,-0.7,0.));
#4825=CARTESIAN_POINT('',(-2.24,-0.700000000000001,0.));
#4826=CARTESIAN_POINT('',(2.1,-0.7,0.4));
#4827=CARTESIAN_POINT('',(2.1,-0.7,0.4));
#4828=CARTESIAN_POINT('',(2.25,-0.7,0.4));
#4829=CARTESIAN_POINT('',(-2.24,-0.700000000000001,0.4));
#4830=CARTESIAN_POINT('',(-2.24,-0.700000000000001,-0.01));
#4831=CARTESIAN_POINT('',(-2.65,-0.700000000000001,-0.00999999999999997));
#4832=CARTESIAN_POINT('',(-2.65,-0.700000000000001,0.101526539202438));
#4833=CARTESIAN_POINT('',(-2.25,-0.700000000000001,0.101526539202438));
#4834=CARTESIAN_POINT('',(-2.25,-0.700000000000001,-0.00999999999999997));
#4835=CARTESIAN_POINT('',(-2.24,-0.700000000000001,-0.01));
#4836=CARTESIAN_POINT('',(-2.25,0.7,0.4));
#4837=CARTESIAN_POINT('',(-2.25,0.7,0.4));
#4838=CARTESIAN_POINT('',(-2.24,0.7,0.4));
#4839=CARTESIAN_POINT('',(-1.7,0.7,0.4));
#4840=CARTESIAN_POINT('',(-1.7,0.7,0.));
#4841=CARTESIAN_POINT('',(-1.7,0.7,0.));
#4842=CARTESIAN_POINT('',(-2.25,0.7,0.));
#4843=CARTESIAN_POINT('',(-2.24,0.7,0.));
#4844=CARTESIAN_POINT('',(-2.24,0.7,-0.01));
#4845=CARTESIAN_POINT('',(-2.25,0.7,-0.01));
#4846=CARTESIAN_POINT('',(-2.25,0.7,0.101526539202438));
#4847=CARTESIAN_POINT('',(-2.25,0.7,-2.6));
#4848=CARTESIAN_POINT('',(-2.65,0.7,-2.6));
#4849=CARTESIAN_POINT('',(-2.65,0.7,-2.6));
#4850=CARTESIAN_POINT('',(-2.65,0.7,0.101526539202438));
#4851=CARTESIAN_POINT('',(-2.65,0.7,-0.00999999999999997));
#4852=CARTESIAN_POINT('',(-2.24,0.7,-0.01));
#4853=CARTESIAN_POINT('',(0.,0.,0.4));
#4854=CARTESIAN_POINT('',(1.55,0.7,0.4));
#4855=CARTESIAN_POINT('',(1.55,1.15,0.4));
#4856=CARTESIAN_POINT('',(1.55,0.85,0.4));
#4857=CARTESIAN_POINT('',(1.4,1.15,0.4));
#4858=CARTESIAN_POINT('',(1.4,1.3,0.4));
#4859=CARTESIAN_POINT('',(1.55,1.3,0.4));
#4860=CARTESIAN_POINT('',(-1.4,1.3,0.4));
#4861=CARTESIAN_POINT('',(-1.4,1.15,0.4));
#4862=CARTESIAN_POINT('',(-1.55,1.15,0.4));
#4863=CARTESIAN_POINT('',(-1.55,1.3,0.4));
#4864=CARTESIAN_POINT('',(-1.55,0.85,0.4));
#4865=CARTESIAN_POINT('',(-1.7,0.85,0.4));
#4866=CARTESIAN_POINT('',(-2.24,0.7,0.4));
#4867=CARTESIAN_POINT('',(2.1,-0.55,0.4));
#4868=CARTESIAN_POINT('',(2.25,-0.55,0.4));
#4869=CARTESIAN_POINT('',(2.25,0.700000000000001,0.4));
#4870=CARTESIAN_POINT('',(2.25,0.55,0.4));
#4871=CARTESIAN_POINT('',(2.1,0.55,0.4));
#4872=CARTESIAN_POINT('',(2.1,0.7,0.4));
#4873=CARTESIAN_POINT('',(1.55,0.7,0.4));
#4874=CARTESIAN_POINT('',(1.7,0.7,0.4));
#4875=CARTESIAN_POINT('',(1.7,0.85,0.4));
#4876=CARTESIAN_POINT('',(2.25,0.700000000000001,0.4));
#4877=CARTESIAN_POINT('',(2.25,-0.55,0.4));
#4878=CARTESIAN_POINT('',(2.25,-0.55,0.));
#4879=CARTESIAN_POINT('',(2.25,0.700000000000001,0.));
#4880=CARTESIAN_POINT('',(2.25,0.55,0.));
#4881=CARTESIAN_POINT('',(2.25,0.55,0.4));
#4882=CARTESIAN_POINT('',(-1.55,1.3,0.4));
#4883=CARTESIAN_POINT('',(-1.55,1.15,0.4));
#4884=CARTESIAN_POINT('',(-1.55,1.15,0.));
#4885=CARTESIAN_POINT('',(-1.55,1.3,0.));
#4886=CARTESIAN_POINT('',(-1.55,0.85,0.));
#4887=CARTESIAN_POINT('',(-1.55,0.85,0.4));
#4888=CARTESIAN_POINT('',(1.55,1.3,0.4));
#4889=CARTESIAN_POINT('',(1.4,1.3,0.4));
#4890=CARTESIAN_POINT('',(1.4,1.3,0.));
#4891=CARTESIAN_POINT('',(1.55,1.3,0.));
#4892=CARTESIAN_POINT('',(-1.4,1.3,0.));
#4893=CARTESIAN_POINT('',(-1.4,1.3,0.4));
#4894=CARTESIAN_POINT('',(1.55,0.7,0.4));
#4895=CARTESIAN_POINT('',(1.55,0.85,0.));
#4896=CARTESIAN_POINT('',(1.55,0.85,0.));
#4897=CARTESIAN_POINT('',(1.55,0.7,0.));
#4898=CARTESIAN_POINT('',(1.55,1.15,0.));
#4899=CARTESIAN_POINT('',(1.55,1.15,0.4));
#4900=CARTESIAN_POINT('',(1.55,0.7,0.4));
#4901=CARTESIAN_POINT('',(1.55,0.7,0.));
#4902=CARTESIAN_POINT('',(1.7,0.7,0.));
#4903=CARTESIAN_POINT('',(2.1,0.7,0.));
#4904=CARTESIAN_POINT('',(1.7,0.7,0.4));
#4905=CARTESIAN_POINT('',(2.1,0.7,0.4));
#4906=CARTESIAN_POINT('',(0.,0.,0.));
#4907=CARTESIAN_POINT('',(1.4,1.15,0.));
#4908=CARTESIAN_POINT('',(1.7,0.85,0.));
#4909=CARTESIAN_POINT('',(2.1,0.55,0.));
#4910=CARTESIAN_POINT('',(2.1,-0.55,0.));
#4911=CARTESIAN_POINT('',(-2.24,0.7,0.));
#4912=CARTESIAN_POINT('',(-1.7,0.85,0.));
#4913=CARTESIAN_POINT('',(-1.4,1.15,0.));
#4914=CARTESIAN_POINT('',(-2.65,0.,-1.37772764904077E-16));
#4915=CARTESIAN_POINT('',(-2.65,0.7,-2.6));
#4916=CARTESIAN_POINT('',(-2.65,0.65,-2.6));
#4917=CARTESIAN_POINT('',(-2.65,0.65,-2.75));
#4918=CARTESIAN_POINT('',(-2.65,0.5,-2.75));
#4919=CARTESIAN_POINT('',(-2.65,0.5,-2.6));
#4920=CARTESIAN_POINT('',(-2.65,0.499999999999999,-5.32));
#4921=CARTESIAN_POINT('',(-2.65,0.0199999999999995,-5.32));
#4922=CARTESIAN_POINT('',(-2.65,0.0199999999999995,-5.8));
#4923=CARTESIAN_POINT('',(-2.65,0.5,-5.8));
#4924=CARTESIAN_POINT('',(-2.65,-0.0199999999999996,-5.8));
#4925=CARTESIAN_POINT('',(-2.65,-0.0199999999999996,-5.32));
#4926=CARTESIAN_POINT('',(-2.65,-0.5,-5.32));
#4927=CARTESIAN_POINT('',(-2.65,-0.5,-5.8));
#4928=CARTESIAN_POINT('',(-2.65,-0.5,-2.75));
#4929=CARTESIAN_POINT('',(-2.65,-0.65,-2.75));
#4930=CARTESIAN_POINT('',(-2.65,-0.700000000000001,-0.00999999999999997));
#4931=CARTESIAN_POINT('',(-2.25,0.,-1.37772764904077E-16));
#4932=CARTESIAN_POINT('',(-2.25,0.5,-5.8));
#4933=CARTESIAN_POINT('',(-2.25,0.0199999999999995,-5.8));
#4934=CARTESIAN_POINT('',(-2.25,-0.0199999999999996,-5.8));
#4935=CARTESIAN_POINT('',(-2.25,0.0199999999999995,-5.32));
#4936=CARTESIAN_POINT('',(-2.25,0.499999999999999,-5.32));
#4937=CARTESIAN_POINT('',(-2.25,0.5,-2.6));
#4938=CARTESIAN_POINT('',(-2.25,0.5,-2.75));
#4939=CARTESIAN_POINT('',(-2.25,0.65,-2.75));
#4940=CARTESIAN_POINT('',(-2.25,0.65,-2.6));
#4941=CARTESIAN_POINT('',(-2.25,0.7,-2.6));
#4942=CARTESIAN_POINT('',(-2.25,-0.700000000000001,-0.00999999999999995));
#4943=CARTESIAN_POINT('',(-2.25,-0.65,-2.75));
#4944=CARTESIAN_POINT('',(-2.25,-0.5,-2.75));
#4945=CARTESIAN_POINT('',(-2.25,-0.5,-5.8));
#4946=CARTESIAN_POINT('',(-2.25,-0.5,-5.32));
#4947=CARTESIAN_POINT('',(-2.25,-0.0199999999999996,-5.32));
#4948=CARTESIAN_POINT('',(-2.65,0.7,-2.6));
#4949=CARTESIAN_POINT('',(-2.65,0.65,-2.6));
#4950=CARTESIAN_POINT('',(-2.24,0.7,-0.01));
#4951=CARTESIAN_POINT('',(-2.24,0.7,-0.01));
#4952=CARTESIAN_POINT('',(-2.25,0.5,-2.6));
#4953=CARTESIAN_POINT('',(-2.25,0.5,-2.75));
#4954=CARTESIAN_POINT('',(-2.25,0.499999999999999,-5.32));
#4955=CARTESIAN_POINT('',(-2.25,0.5,-5.8));
#4956=CARTESIAN_POINT('',(-2.25,0.0199999999999995,-5.8));
#4957=CARTESIAN_POINT('',(-2.25,-0.0199999999999996,-5.8));
#4958=CARTESIAN_POINT('',(-2.25,-0.5,-5.8));
#4959=CARTESIAN_POINT('',(-2.25,-0.5,-2.75));
#4960=CARTESIAN_POINT('',(-2.25,-0.5,-5.32));
#4961=CARTESIAN_POINT('',(-2.25,0.0199999999999995,-5.32));
#4962=CARTESIAN_POINT('',(-2.25,-0.0199999999999996,-5.32));
#4963=CARTESIAN_POINT('',(2.1,0.55,0.4));
#4964=CARTESIAN_POINT('',(2.1,-0.55,0.4));
#4965=CARTESIAN_POINT('',(-2.25,-0.65,-2.75));
#4966=CARTESIAN_POINT('',(-2.65,0.65,-2.75));
#4967=CARTESIAN_POINT('',(-1.7,0.85,0.4));
#4968=CARTESIAN_POINT('',(-1.4,1.15,0.4));
#4969=CARTESIAN_POINT('',(1.4,1.15,0.4));
#4970=CARTESIAN_POINT('',(1.7,0.85,0.4));
#4971=CARTESIAN_POINT('',(0.250000000000002,6.78,-1.05));
#4972=MECHANICAL_DESIGN_GEOMETRIC_PRESENTATION_REPRESENTATION('',(#2953,
#2954,#2955,#2956,#2957,#2958),#4973);
#4973=(
GEOMETRIC_REPRESENTATION_CONTEXT(3)
GLOBAL_UNCERTAINTY_ASSIGNED_CONTEXT((#4980))
GLOBAL_UNIT_ASSIGNED_CONTEXT((#4989,#4988,#4987))
REPRESENTATION_CONTEXT('6941xx303002','TOP_LEVEL_ASSEMBLY_PART')
);
#4974=(
GEOMETRIC_REPRESENTATION_CONTEXT(3)
GLOBAL_UNCERTAINTY_ASSIGNED_CONTEXT((#4981))
GLOBAL_UNIT_ASSIGNED_CONTEXT((#4989,#4988,#4987))
REPRESENTATION_CONTEXT('6941xx303002','COMPONENT_PART')
);
#4975=(
GEOMETRIC_REPRESENTATION_CONTEXT(3)
GLOBAL_UNCERTAINTY_ASSIGNED_CONTEXT((#4982))
GLOBAL_UNIT_ASSIGNED_CONTEXT((#4989,#4988,#4987))
REPRESENTATION_CONTEXT('694106301002_PinContact','COMPONENT_PART')
);
#4976=(
GEOMETRIC_REPRESENTATION_CONTEXT(3)
GLOBAL_UNCERTAINTY_ASSIGNED_CONTEXT((#4983))
GLOBAL_UNIT_ASSIGNED_CONTEXT((#4989,#4988,#4987))
REPRESENTATION_CONTEXT('6941xx303002_Back','COMPONENT_PART')
);
#4977=(
GEOMETRIC_REPRESENTATION_CONTEXT(3)
GLOBAL_UNCERTAINTY_ASSIGNED_CONTEXT((#4984))
GLOBAL_UNIT_ASSIGNED_CONTEXT((#4989,#4988,#4987))
REPRESENTATION_CONTEXT('6941xx303002_PinContact2','COMPONENT_PART')
);
#4978=(
GEOMETRIC_REPRESENTATION_CONTEXT(3)
GLOBAL_UNCERTAINTY_ASSIGNED_CONTEXT((#4985))
GLOBAL_UNIT_ASSIGNED_CONTEXT((#4989,#4988,#4987))
REPRESENTATION_CONTEXT('6941xx303002_PinLame','COMPONENT_PART')
);
#4979=(
GEOMETRIC_REPRESENTATION_CONTEXT(3)
GLOBAL_UNCERTAINTY_ASSIGNED_CONTEXT((#4986))
GLOBAL_UNIT_ASSIGNED_CONTEXT((#4989,#4988,#4987))
REPRESENTATION_CONTEXT('6941xx303002_PinBis','COMPONENT_PART')
);
#4980=UNCERTAINTY_MEASURE_WITH_UNIT(LENGTH_MEASURE(0.005),#4989,
'DISTANCE_ACCURACY_VALUE','Maximum Tolerance applied to model');
#4981=UNCERTAINTY_MEASURE_WITH_UNIT(LENGTH_MEASURE(0.005),#4989,
'DISTANCE_ACCURACY_VALUE','Maximum Tolerance applied to model');
#4982=UNCERTAINTY_MEASURE_WITH_UNIT(LENGTH_MEASURE(0.005),#4989,
'DISTANCE_ACCURACY_VALUE','Maximum Tolerance applied to model');
#4983=UNCERTAINTY_MEASURE_WITH_UNIT(LENGTH_MEASURE(0.005),#4989,
'DISTANCE_ACCURACY_VALUE','Maximum Tolerance applied to model');
#4984=UNCERTAINTY_MEASURE_WITH_UNIT(LENGTH_MEASURE(0.005),#4989,
'DISTANCE_ACCURACY_VALUE','Maximum Tolerance applied to model');
#4985=UNCERTAINTY_MEASURE_WITH_UNIT(LENGTH_MEASURE(0.005),#4989,
'DISTANCE_ACCURACY_VALUE','Maximum Tolerance applied to model');
#4986=UNCERTAINTY_MEASURE_WITH_UNIT(LENGTH_MEASURE(0.005),#4989,
'DISTANCE_ACCURACY_VALUE','Maximum Tolerance applied to model');
#4987=(
NAMED_UNIT(*)
SI_UNIT($,.STERADIAN.)
SOLID_ANGLE_UNIT()
);
#4988=(
NAMED_UNIT(*)
PLANE_ANGLE_UNIT()
SI_UNIT($,.RADIAN.)
);
#4989=(
LENGTH_UNIT()
NAMED_UNIT(*)
SI_UNIT(.MILLI.,.METRE.)
);
#4990=PRODUCT_DEFINITION_SHAPE('','',#5003);
#4991=PRODUCT_DEFINITION_SHAPE('','',#5004);
#4992=PRODUCT_DEFINITION_SHAPE(' ','NAUO PRDDFN',#41);
#4993=PRODUCT_DEFINITION_SHAPE('','',#5005);
#4994=PRODUCT_DEFINITION_SHAPE(' ','NAUO PRDDFN',#42);
#4995=PRODUCT_DEFINITION_SHAPE('','',#5006);
#4996=PRODUCT_DEFINITION_SHAPE(' ','NAUO PRDDFN',#43);
#4997=PRODUCT_DEFINITION_SHAPE('','',#5007);
#4998=PRODUCT_DEFINITION_SHAPE(' ','NAUO PRDDFN',#44);
#4999=PRODUCT_DEFINITION_SHAPE('','',#5008);
#5000=PRODUCT_DEFINITION_SHAPE(' ','NAUO PRDDFN',#45);
#5001=PRODUCT_DEFINITION_SHAPE('','',#5009);
#5002=PRODUCT_DEFINITION_SHAPE(' ','NAUO PRDDFN',#46);
#5003=PRODUCT_DEFINITION('','',#5017,#5010);
#5004=PRODUCT_DEFINITION('','',#5018,#5011);
#5005=PRODUCT_DEFINITION('','',#5019,#5012);
#5006=PRODUCT_DEFINITION('','',#5020,#5013);
#5007=PRODUCT_DEFINITION('','',#5021,#5014);
#5008=PRODUCT_DEFINITION('','',#5022,#5015);
#5009=PRODUCT_DEFINITION('','',#5023,#5016);
#5010=PRODUCT_DEFINITION_CONTEXT('',#5053,'design');
#5011=PRODUCT_DEFINITION_CONTEXT('',#5053,'design');
#5012=PRODUCT_DEFINITION_CONTEXT('',#5053,'design');
#5013=PRODUCT_DEFINITION_CONTEXT('',#5053,'design');
#5014=PRODUCT_DEFINITION_CONTEXT('',#5053,'design');
#5015=PRODUCT_DEFINITION_CONTEXT('',#5053,'design');
#5016=PRODUCT_DEFINITION_CONTEXT('',#5053,'design');
#5017=PRODUCT_DEFINITION_FORMATION_WITH_SPECIFIED_SOURCE('','',#5031,
 .NOT_KNOWN.);
#5018=PRODUCT_DEFINITION_FORMATION_WITH_SPECIFIED_SOURCE('','',#5032,
 .NOT_KNOWN.);
#5019=PRODUCT_DEFINITION_FORMATION_WITH_SPECIFIED_SOURCE('','',#5033,
 .NOT_KNOWN.);
#5020=PRODUCT_DEFINITION_FORMATION_WITH_SPECIFIED_SOURCE('','',#5034,
 .NOT_KNOWN.);
#5021=PRODUCT_DEFINITION_FORMATION_WITH_SPECIFIED_SOURCE('','',#5035,
 .NOT_KNOWN.);
#5022=PRODUCT_DEFINITION_FORMATION_WITH_SPECIFIED_SOURCE('','',#5036,
 .NOT_KNOWN.);
#5023=PRODUCT_DEFINITION_FORMATION_WITH_SPECIFIED_SOURCE('','',#5037,
 .NOT_KNOWN.);
#5024=PRODUCT_RELATED_PRODUCT_CATEGORY('','',(#5031));
#5025=PRODUCT_RELATED_PRODUCT_CATEGORY('','',(#5032));
#5026=PRODUCT_RELATED_PRODUCT_CATEGORY('','',(#5033));
#5027=PRODUCT_RELATED_PRODUCT_CATEGORY('','',(#5034));
#5028=PRODUCT_RELATED_PRODUCT_CATEGORY('','',(#5035));
#5029=PRODUCT_RELATED_PRODUCT_CATEGORY('','',(#5036));
#5030=PRODUCT_RELATED_PRODUCT_CATEGORY('','',(#5037));
#5031=PRODUCT('6941xx303002','6941xx303002','6941xx303002',(#5045));
#5032=PRODUCT('6941xx303002','6941xx303002','6941xx303002',(#5046));
#5033=PRODUCT('694106301002_PinContact','694106301002_PinContact',
'694106301002_PinContact',(#5047));
#5034=PRODUCT('6941xx303002_Back','6941xx303002_Back',
'6941xx303002_Back',(#5048));
#5035=PRODUCT('6941xx303002_PinContact2','6941xx303002_PinContact2',
'6941xx303002_PinContact2',(#5049));
#5036=PRODUCT('6941xx303002_PinLame','6941xx303002_PinLame',
'6941xx303002_PinLame',(#5050));
#5037=PRODUCT('6941xx303002_PinBis','6941xx303002_PinBis',
'6941xx303002_PinBis',(#5051));
#5038=PRODUCT_CATEGORY('','');
#5039=PRODUCT_CATEGORY('','');
#5040=PRODUCT_CATEGORY('','');
#5041=PRODUCT_CATEGORY('','');
#5042=PRODUCT_CATEGORY('','');
#5043=PRODUCT_CATEGORY('','');
#5044=PRODUCT_CATEGORY('','');
#5045=PRODUCT_CONTEXT('',#5053,'mechanical');
#5046=PRODUCT_CONTEXT('',#5053,'mechanical');
#5047=PRODUCT_CONTEXT('',#5053,'mechanical');
#5048=PRODUCT_CONTEXT('',#5053,'mechanical');
#5049=PRODUCT_CONTEXT('',#5053,'mechanical');
#5050=PRODUCT_CONTEXT('',#5053,'mechanical');
#5051=PRODUCT_CONTEXT('',#5053,'mechanical');
#5052=APPLICATION_PROTOCOL_DEFINITION('international standard',
'automotive_design',2010,#5053);
#5053=APPLICATION_CONTEXT(
'core data for automotive mechanical design processes');
ENDSEC;
END-ISO-10303-21;
